Workbook

Sheet All Data
A1: School ID | B1: School Name | C1: School Long Name | D1: Transfer Rate | E1: Governance | F1: Network | G1: Network Chief | H1: Effective Leaders Score | I1: Effective Leaders Rating | J1: ESB Subdist | K1: ESB Dist | L1: CBOE Representative | M1: Opportunity Index | N1: Full Address | O1: Partial Address | P1: Ward | Q1: Alderman
A2: 400153 | B2: ACERO - BRIGHTON PARK | C2: Acero Charter Schools - Brighton Park | D2: 0.04 | E2: Charter | F2: Charter | G2: =VLOOKUP(F2, 'Network Chiefs'!A:B, 2, FALSE) -> #N/A | H2: 56 | I2: Neutral | J2: 7b | K2: 7 | L2: {=INDEX('School Rep'!$A$2:$A$21, MATCH(J2, 'School Rep'!$B$2:$B$21, 0))} -> Yesenia Lopez | M2: 3.7 | N2: 4420 S Fairfield Ave | Chicago, IL 60632 | O2: =LEFT(N2, FIND("|", N2) - 1) -> 4420 S Fairfield Ave | P2: 12 | Q2: Ramirez, Julia M.
A3: 400101 | B3: ACERO - CISNEROS | C3: Acero Charter Schools - Sandra Cisneros | D3: 0.095 | E3: Charter | F3: Charter | G3: =VLOOKUP(F3, 'Network Chiefs'!A:B, 2, FALSE) -> #N/A | H3: 51 | I3: Neutral | J3: 8b | K3: 8 | L3: {=INDEX('School Rep'!$A$2:$A$21, MATCH(J3, 'School Rep'!$B$2:$B$21, 0))} -> Cydney Wallace | M3: 3.6 | N3: 2744 W Pershing Rd | Chicago, IL 60632 | O3: =LEFT(N3, FIND("|", N3) - 1) -> 2744 W Pershing Rd | P3: 12 | Q3: Ramirez, Julia M.
A4: 400120 | B4: ACERO - CLEMENTE | C4: Acero Charter Schools - Roberto Clemente | D4: 0.022 | E4: Charter | F4: Charter | G4: =VLOOKUP(F4, 'Network Chiefs'!A:B, 2, FALSE) -> #N/A | H4: 16 | I4: Very Weak | J4: 5a | K4: 5 | L4: {=INDEX('School Rep'!$A$2:$A$21, MATCH(J4, 'School Rep'!$B$2:$B$21, 0))} -> Aaron "Jitu" Brown | M4: 3.6 | N4: 2050 N Natchez Ave | Chicago, IL 60707 | O4: =LEFT(N4, FIND("|", N4) - 1) -> 2050 N Natchez Ave | P4: 29 | Q4: Taliaferro, Chris
A5: 400121 | B5: ACERO - DE LA CRUZ | C5: Acero Charter Schools - Sor Juana Inés de la Cruz | D5: 0.147 | E5: Charter | F5: Charter | G5: =VLOOKUP(F5, 'Network Chiefs'!A:B, 2, FALSE) -> #N/A | H5: 45 | I5: Neutral | J5: 2a | K5: 2 | L5: {=INDEX('School Rep'!$A$2:$A$21, MATCH(J5, 'School Rep'!$B$2:$B$21, 0))} -> Ebony DeBerry | M5: 3.2 | N5: 7416 N Ridge Ave | Chicago, IL 60645 | O5: =LEFT(N5, FIND("|", N5) - 1) -> 7416 N Ridge Ave | P5: 49 | Q5: Hadden, Maria E.
A6: 400081 | B6: ACERO - DE LAS CASAS | C6: Acero Charter Schools - Bartolomé de las Casas | D6: 0.064 | E6: Charter | F6: Charter | G6: =VLOOKUP(F6, 'Network Chiefs'!A:B, 2, FALSE) -> #N/A | H6: 32 | I6: Weak | J6: 7a | K6: 7 | L6: {=INDEX('School Rep'!$A$2:$A$21, MATCH(J6, 'School Rep'!$B$2:$B$21, 0))} -> Emma Lozano | M6: 3.4 | N6: 1641 W 16th St | Chicago, IL 60608 | O6: =LEFT(N6, FIND("|", N6) - 1) -> 1641 W 16th St | P6: 25 | Q6: Sigcho-Lopez, Byron
A7: 400082 | B7: ACERO - FUENTES | C7: Acero Charter Schools - Carlos Fuentes | D7: 0.051 | E7: Charter | F7: Charter | G7: =VLOOKUP(F7, 'Network Chiefs'!A:B, 2, FALSE) -> #N/A | H7: 42 | I7: Neutral | J7: 3a | K7: 3 | L7: {=INDEX('School Rep'!$A$2:$A$21, MATCH(J7, 'School Rep'!$B$2:$B$21, 0))} -> Norma Rios-Sierra | M7: 3.3 | N7: 2845 W Barry Ave | Chicago, IL 60618 | O7: =LEFT(N7, FIND("|", N7) - 1) -> 2845 W Barry Ave | P7: 35 | Q7: Ramirez-Rosa, Carlos
A8: 400085 | B8: ACERO - GARCIA HS | C8: Acero Charter Schools - Major Hector P. Garcia MD | D8: 0.072 | E8: Charter | F8: Charter | G8: =VLOOKUP(F8, 'Network Chiefs'!A:B, 2, FALSE) -> #N/A | H8: 60 | I8: Strong | J8: 7b | K8: 7 | L8: {=INDEX('School Rep'!$A$2:$A$21, MATCH(J8, 'School Rep'!$B$2:$B$21, 0))} -> Yesenia Lopez | M8: 3 | N8: 4248 W 47th St | Chicago, IL 60632 | O8: =LEFT(N8, FIND("|", N8) - 1) -> 4248 W 47th St | P8: 14 | Q8: Gutierrez, Jeylu B.
A9: 400112 | B9: ACERO - IDAR | C9: Acero Charter Schools - Jovita Idar | D9: 0.061 | E9: Charter | F9: Charter | G9: =VLOOKUP(F9, 'Network Chiefs'!A:B, 2, FALSE) -> #N/A | H9: 64 | I9: Strong | J9: 7b | K9: 7 | L9: {=INDEX('School Rep'!$A$2:$A$21, MATCH(J9, 'School Rep'!$B$2:$B$21, 0))} -> Yesenia Lopez | M9: 3.5 | N9: 5050 S Homan Ave | Chicago, IL 60632 | O9: =LEFT(N9, FIND("|", N9) - 1) -> 5050 S Homan Ave | P9: 14 | Q9: Gutierrez, Jeylu B.
A10: 400089 | B10: ACERO - MARQUEZ | C10: Acero Charter Schools - Officer Donald J. Marquez | D10: 0.059 | E10: Charter | F10: Charter | G10: =VLOOKUP(F10, 'Network Chiefs'!A:B, 2, FALSE) -> #N/A | H10: 46 | I10: Neutral | J10: 7b | K10: 7 | L10: {=INDEX('School Rep'!$A$2:$A$21, MATCH(J10, 'School Rep'!$B$2:$B$21, 0))} -> Yesenia Lopez | M10: 3.7 | N10: 2916 W 47th St | Chicago, IL 60632 | O10: =LEFT(N10, FIND("|", N10) - 1) -> 2916 W 47th St | P10: 12 | Q10: Ramirez, Julia M.
A11: 400083 | B11: ACERO - PAZ | C11: Acero Charter Schools - Octavio Paz Campus | D11: 0.057 | E11: Charter | F11: Charter | G11: =VLOOKUP(F11, 'Network Chiefs'!A:B, 2, FALSE) -> #N/A | H11: 33 | I11: Weak | J11: 7a | K11: 7 | L11: {=INDEX('School Rep'!$A$2:$A$21, MATCH(J11, 'School Rep'!$B$2:$B$21, 0))} -> Emma Lozano | M11: 3.8 | N11: 2651 W 23rd St | Chicago, IL 60608 | O11: =LEFT(N11, FIND("|", N11) - 1) -> 2651 W 23rd St | P11: 25 | Q11: Sigcho-Lopez, Byron
A12: 400114 | B12: ACERO - SANTIAGO | C12: Acero Charter Schools - Esmeralda Santiago | D12: 0.095 | E12: Charter | F12: Charter | G12: =VLOOKUP(F12, 'Network Chiefs'!A:B, 2, FALSE) -> #N/A | H12: 55 | I12: Neutral | J12: 5a | K12: 5 | L12: {=INDEX('School Rep'!$A$2:$A$21, MATCH(J12, 'School Rep'!$B$2:$B$21, 0))} -> Aaron "Jitu" Brown | M12: 3.4 | N12: 2510 W Cortez St | Chicago, IL 60622 | O12: =LEFT(N12, FIND("|", N12) - 1) -> 2510 W Cortez St | P12: 36 | Q12: Villegas, Gilbert
A13: 400149 | B13: ACERO - SOTO HS | C13: Acero Charter Schools - Victoria Soto | D13: 0.065 | E13: Charter | F13: Charter | G13: =VLOOKUP(F13, 'Network Chiefs'!A:B, 2, FALSE) -> #N/A | H13: 65 | I13: Strong | J13: 7b | K13: 7 | L13: {=INDEX('School Rep'!$A$2:$A$21, MATCH(J13, 'School Rep'!$B$2:$B$21, 0))} -> Yesenia Lopez | M13: 3 | N13: 5025 S St. Louis Ave | Chicago, IL 60632 | O13: =LEFT(N13, FIND("|", N13) - 1) -> 5025 S St. Louis Ave | P13: 14 | Q13: Gutierrez, Jeylu B.
... A44: 609792 | B44: BATEMAN | C44: Newton Bateman Elementary School | D44: 0.072 | E44: District | F44: Network 1 | G44: =VLOOKUP(F44, 'Network Chiefs'!A:B, 2, FALSE) -> Julie McGlade | H44: 67 | I44: Strong | J44: 2b | K44: 2 | L44: {=INDEX('School Rep'!$A$2:$A$21, MATCH(J44, 'School Rep'!$B$2:$B$21, 0))} -> Debby Pope | M44: 2.3 | N44: 4220 N Richmond St | Chicago, IL 60618 | O44: =LEFT(N44, FIND("|", N44) - 1) -> 4220 N Richmond St | P44: 33 | Q44: Rodriguez Sanchez, Rossana
A45: 610083 | B45: BEARD | C45: Daniel C Beard Elementary School | D45: 0.133 | E45: District | F45: Network 1 | G45: =VLOOKUP(F45, 'Network Chiefs'!A:B, 2, FALSE) -> Julie McGlade | J45: 1a | K45: 1 | L45: {=INDEX('School Rep'!$A$2:$A$21, MATCH(J45, 'School Rep'!$B$2:$B$21, 0))} -> Ed Bannon | M45: 2.2 | N45: 6445 W Strong St | Chicago, IL 60656 | O45: =LEFT(N45, FIND("|", N45) - 1) -> 6445 W Strong St | P45: 41 | Q45: Napolitano, Anthony V.
A46: 610246 | B46: BEASLEY | C46: Edward Beasley Elementary Magnet Academic Center | D46: 0.043 | E46: District | F46: Network 9 | G46: =VLOOKUP(F46, 'Network Chiefs'!A:B, 2, FALSE) -> Alene Mason | H46: 58 | I46: Neutral | J46: 6b | K46: 6 | L46: {=INDEX('School Rep'!$A$2:$A$21, MATCH(J46, 'School Rep'!$B$2:$B$21, 0))} -> Jessica Biggs | M46: 3.1 | N46: 5255 S State St | Chicago, IL 60609 | O46: =LEFT(N46, FIND("|", N46) - 1) -> 5255 S State St | P46: 3 | Q46: Dowell, Pat
A47: 609796 | B47: BEAUBIEN | C47: Jean Baptiste Beaubien Elementary School | D47: 0.052 | E47: District | F47: Network 1 | G47: =VLOOKUP(F47, 'Network Chiefs'!A:B, 2, FALSE) -> Julie McGlade | H47: 56 | I47: Neutral | J47: 1a | K47: 1 | L47: {=INDEX('School Rep'!$A$2:$A$21, MATCH(J47, 'School Rep'!$B$2:$B$21, 0))} -> Ed Bannon | M47: 2 | N47: 5025 N Laramie Ave | Chicago, IL 60630 | O47: =LEFT(N47, FIND("|", N47) - 1) -> 5025 N Laramie Ave | P47: 45 | Q47: Gardiner, James M.
A48: 610237 | B48: BEETHOVEN | C48: Ludwig Van Beethoven Elementary School | D48: 0.277 | E48: District | F48: Network 9 | G48: =VLOOKUP(F48, 'Network Chiefs'!A:B, 2, FALSE) -> Alene Mason | H48: 39 | I48: Weak | J48: 6b | K48: 6 | L48: {=INDEX('School Rep'!$A$2:$A$21, MATCH(J48, 'School Rep'!$B$2:$B$21, 0))} -> Jessica Biggs | M48: 3.2 | N48: 25 W 47th St | Chicago, IL 60609 | O48: =LEFT(N48, FIND("|", N48) - 1) -> 25 W 47th St | P48: 3 | Q48: Dowell, Pat
A49: 609797 | B49: BEIDLER | C49: Jacob Beidler Elementary School | D49: 0.154 | E49: District | F49: Network 5 | G49: =VLOOKUP(F49, 'Network Chiefs'!A:B, 2, FALSE) -> Shontae Higginbottom | H49: 51 | I49: Neutral | J49: 5b | K49: 5 | L49: {=INDEX('School Rep'!$A$2:$A$21, MATCH(J49, 'School Rep'!$B$2:$B$21, 0))} -> Michilla Blaise | M49: 2.8 | N49: 3151 W Walnut St | Chicago, IL 60612 | O49: =LEFT(N49, FIND("|", N49) - 1) -> 3151 W Walnut St | P49: 27 | Q49: Burnett, Jr., Walter
A50: 609798 | B50: BELDING | C50: Hiram H Belding Elementary School | D50: 0.072 | E50: District | F50: Network 1 | G50: =VLOOKUP(F50, 'Network Chiefs'!A:B, 2, FALSE) -> Julie McGlade | H50: 77 | I50: Strong | J50: 1b | K50: 1 | L50: {=INDEX('School Rep'!$A$2:$A$21, MATCH(J50, 'School Rep'!$B$2:$B$21, 0))} -> Jennifer Custer | M50: 2.2 | N50: 4257 N Tripp Ave | Chicago, IL 60641 | O50: =LEFT(N50, FIND("|", N50) - 1) -> 4257 N Tripp Ave | P50: 39 | Q50: Nugent, Samantha
A51: 609799 | B51: BELL | C51: Alexander Graham Bell Elementary School | D51: 0.017 | E51: District | F51: Network 4 | G51: =VLOOKUP(F51, 'Network Chiefs'!A:B, 2, FALSE) -> Jerry Travlos | H51: 41 | I51: Neutral | J51: 4b | K51: 4 | L51: {=INDEX('School Rep'!$A$2:$A$21, MATCH(J51, 'School Rep'!$B$2:$B$21, 0))} -> Ellen Rosenfeld | M51: 1.3 | N51: 3730 N Oakley Ave | Chicago, IL 60618 | O51: =LEFT(N51, FIND("|", N51) - 1) -> 3730 N Oakley Ave | P51: 47 | Q51: Martin, Matthew J.
A52: 609922 | B52: BELMONT-CRAGIN | C52: Belmont-Cragin Elementary School | D52: 0.082 | E52: District | F52: Network 3 | G52: =VLOOKUP(F52, 'Network Chiefs'!A:B, 2, FALSE) -> Jennifer Farrell‐Rottman | H52: 55 | I52: Neutral | J52: 3b | K52: 3 | L52: {=INDEX('School Rep'!$A$2:$A$21, MATCH(J52, 'School Rep'!$B$2:$B$21, 0))} -> Carlos Rivas | M52: 3.3 | N52: 5252 W Palmer St | Chicago, IL 60639 | O52: =LEFT(N52, FIND("|", N52) - 1) -> 5252 W Palmer St | P52: 36 | Q52: Villegas, Gilbert
A53: 609800 | B53: BENNETT | C53: Frank I Bennett Elementary School | D53: 0.144 | E53: District | F53: Network 13 | G53: =VLOOKUP(F53, 'Network Chiefs'!A:B, 2, FALSE) -> Dr. Terrycita D. Perry | H53: 51 | I53: Neutral | J53: 9b | K53: 9 | L53: {=INDEX('School Rep'!$A$2:$A$21, MATCH(J53, 'School Rep'!$B$2:$B$21, 0))} -> Therese Boyle | M53: 2.8 | N53: 10115 S Prairie Ave | Chicago, IL 60628 | O53: =LEFT(N53, FIND("|", N53) - 1) -> 10115 S Prairie Ave | P53: 9 | Q53: Beale, Anthony
A54: 610350 | B54: BLACK | C54: Robert A Black Magnet Elementary School | D54: 0.028 | E54: District | F54: Network 12 | G54: =VLOOKUP(F54, 'Network Chiefs'!A:B, 2, FALSE) -> Shenethe Parks | H54: 62 | I54: Strong | J54: 10b | K54: 10 | L54: {=INDEX('School Rep'!$A$2:$A$21, MATCH(J54, 'School Rep'!$B$2:$B$21, 0))} -> Olga Bautista | M54: 2.7 | N54: 9101 S Euclid Ave | Chicago, IL 60617 | O54: =LEFT(N54, FIND("|", N54) - 1) -> 9101 S Euclid Ave | P54: 8 | Q54: Harris, Michelle A.
A55: 609803 | B55: BLAINE | C55: James G Blaine Elementary School | D55: 0.041 | E55: District | F55: Network 4 | G55: =VLOOKUP(F55, 'Network Chiefs'!A:B, 2, FALSE) -> Jerry Travlos | H55: 56 | I55: Neutral | J55: 4a | K55: 4 | L55: {=INDEX('School Rep'!$A$2:$A$21, MATCH(J55, 'School Rep'!$B$2:$B$21, 0))} -> Karen Zaccor | M55: 1.8 | N55: 1420 W Grace St | Chicago, IL 60613 | O55: =LEFT(N55, FIND("|", N55) - 1) -> 1420 W Grace St | P55: 46 | Q55: Clay, Angela
A56: 610087 | B56: BLAIR | C56: Blair Early Childhood Center | D56: 0 | E56: District | F56: Network 10 | G56: =VLOOKUP(F56, 'Network Chiefs'!A:B, 2, FALSE) -> Mira Weber | H56: 89 | I56: Very Strong | J56: 8a | K56: 8 | L56: {=INDEX('School Rep'!$A$2:$A$21, MATCH(J56, 'School Rep'!$B$2:$B$21, 0))} -> Angel Gutierrez | M56: 2.2 | N56: 6751 W 63rd Pl | Chicago, IL 60638 | O56: =LEFT(N56, FIND("|", N56) - 1) -> 6751 W 63rd Pl | P56: 13 | Q56: Quinn, Marty
A57: 609698 | B57: BOGAN HS | C57: William J Bogan High School | D57: 0.184 | E57: District | F57: Network 16 | G57: =VLOOKUP(F57, 'Network Chiefs'!A:B, 2, FALSE) -> Devon LaRosa | H57: 54 | I57: Neutral | J57: 8a | K57: 8 | L57: {=INDEX('School Rep'!$A$2:$A$21, MATCH(J57, 'School Rep'!$B$2:$B$21, 0))} -> Angel Gutierrez | M57: 3.2 | N57: 3939 W 79th St | Chicago, IL 60652 | O57: =LEFT(N57, FIND("|", N57) - 1) -> 3939 W 79th St | P57: 18 | Q57: Curtis, Derrick G.
... A95: 609849 | B95: CASSELL | C95: George F Cassell Elementary School | D95: 0.031 | E95: District | F95: ISP | G95: =VLOOKUP(F95, 'Network Chiefs'!A:B, 2, FALSE) -> #N/A | H95: 84 | I95: Very Strong | J95: 9b | K95: 9 | L95: {=INDEX('School Rep'!$A$2:$A$21, MATCH(J95, 'School Rep'!$B$2:$B$21, 0))} -> Therese Boyle | M95: 2 | N95: 11314 S Spaulding Ave | Chicago, IL 60655 | O95: =LEFT(N95, FIND("|", N95) - 1) -> 11314 S Spaulding Ave | P95: 19 | Q95: O'Shea, Matthew J.
A96: 610599 | B96: CATALPA | C96: Catalpa Early Childhood Center | D96: 0 | E96: District | F96: Network 1 | G96: =VLOOKUP(F96, 'Network Chiefs'!A:B, 2, FALSE) -> Julie McGlade | J96: Not Found | K96: Not Found | L96: Not Found | M96: 1.8 | N96: 5252 N Long Ave | Chicago, IL 60630 | O96: =LEFT(N96, FIND("|", N96) - 1) -> 5252 N Long Ave | P96: 45 | Q96: Gardiner, James M.
A97: 400021 | B97: CATALYST - CIRCLE ROCK | C97: Catalyst Elementary Charter School - Circle Rock | D97: 0.025 | E97: Charter | F97: Charter | G97: =VLOOKUP(F97, 'Network Chiefs'!A:B, 2, FALSE) -> #N/A | H97: 64 | I97: Strong | J97: 5a | K97: 5 | L97: {=INDEX('School Rep'!$A$2:$A$21, MATCH(J97, 'School Rep'!$B$2:$B$21, 0))} -> Aaron "Jitu" Brown | M97: 3.5 | N97: 5608 W Washington Blvd | Chicago, IL 60644 | O97: =LEFT(N97, FIND("|", N97) - 1) -> 5608 W Washington Blvd | P97: 29 | Q97: Taliaferro, Chris
A98: 400115 | B98: CATALYST - MARIA | C98: Catalyst - Maria Charter School | D98: 0.053 | E98: Charter | F98: Charter | G98: =VLOOKUP(F98, 'Network Chiefs'!A:B, 2, FALSE) -> #N/A | H98: 46 | I98: Neutral | J98: Not Found | K98: Not Found | L98: Not Found | M98: 3.1 | N98: 6727 S California Ave | Chicago, IL 60629 | O98: =LEFT(N98, FIND("|", N98) - 1) -> 6727 S California Ave | P98: 16 | Q98: Coleman, Stephanie D.
A99: 400182 | B99: CATALYST MARIA HS | G99: =VLOOKUP(F99, 'Network Chiefs'!A:B, 2, FALSE) -> #N/A | H99: 46 | I99: Neutral | J99: Not Found | K99: Not Found | L99: Not Found | M99: 3 | N99: 6727 S California Ave | Chicago, IL 60629 | O99: =LEFT(N99, FIND("|", N99) - 1) -> 6727 S California Ave | P99: 16 | Q99: Coleman, Stephanie D.
A100: 610251 | B100: CATHER | C100: Willa Cather Elementary School | D100: 0.181 | E100: District | F100: Network 5 | G100: =VLOOKUP(F100, 'Network Chiefs'!A:B, 2, FALSE) -> Shontae Higginbottom | H100: 54 | I100: Neutral | J100: 5b | K100: 5 | L100: {=INDEX('School Rep'!$A$2:$A$21, MATCH(J100, 'School Rep'!$B$2:$B$21, 0))} -> Michilla Blaise | M100: 3.6 | N100: 2908 W Washington Blvd | Chicago, IL 60612 | O100: =LEFT(N100, FIND("|", N100) - 1) -> 2908 W Washington Blvd | P100: 27 | Q100: Burnett, Jr., Walter
A101: 609851 | B101: CHALMERS | C101: Thomas Chalmers STEAM Elementary School | D101: 0.176 | E101: District | F101: Network 5 | G101: =VLOOKUP(F101, 'Network Chiefs'!A:B, 2, FALSE) -> Shontae Higginbottom | H101: 28 | I101: Weak | J101: 5b | K101: 5 | L101: {=INDEX('School Rep'!$A$2:$A$21, MATCH(J101, 'School Rep'!$B$2:$B$21, 0))} -> Michilla Blaise | M101: 3.8 | N101: 2745 W Roosevelt Rd | Chicago, IL 60608 | O101: =LEFT(N101, FIND("|", N101) - 1) -> 2745 W Roosevelt Rd | P101: 28 | Q101: Ervin, Jason C.
A102: 609852 | B102: CHAPPELL | C102: Eliza Chappell Elementary School | D102: 0.06 | E102: District | F102: Network 2 | G102: =VLOOKUP(F102, 'Network Chiefs'!A:B, 2, FALSE) -> Marilou Rebolledo | H102: 45 | I102: Neutral | J102: 2b | K102: 2 | L102: {=INDEX('School Rep'!$A$2:$A$21, MATCH(J102, 'School Rep'!$B$2:$B$21, 0))} -> Debby Pope | M102: 2.3 | N102: 2135 W Foster Ave | Chicago, IL 60625 | O102: =LEFT(N102, FIND("|", N102) - 1) -> 2135 W Foster Ave | P102: 40 | Q102: Vasquez, Jr., Andre
A103: 609853 | B103: CHASE | C103: Salmon P Chase Elementary School | D103: 0.066 | E103: District | F103: Network 4 | G103: =VLOOKUP(F103, 'Network Chiefs'!A:B, 2, FALSE) -> Jerry Travlos | H103: 55 | I103: Neutral | J103: 3b | K103: 3 | L103: {=INDEX('School Rep'!$A$2:$A$21, MATCH(J103, 'School Rep'!$B$2:$B$21, 0))} -> Carlos Rivas | M103: 2.2 | N103: 2021 N Point St | Chicago, IL 60647 | O103: =LEFT(N103, FIND("|", N103) - 1) -> 2021 N Point St | P103: 1 | Q103: La Spata, Daniel
A104: 610148 | B104: CHAVEZ | C104: Cesar E Chavez Multicultural Academic Center | D104: 0.05 | E104: District | F104: ISP | G104: =VLOOKUP(F104, 'Network Chiefs'!A:B, 2, FALSE) -> #N/A | H104: 73 | I104: Strong | J104: 8b | K104: 8 | L104: {=INDEX('School Rep'!$A$2:$A$21, MATCH(J104, 'School Rep'!$B$2:$B$21, 0))} -> Cydney Wallace | M104: 3.7 | N104: 4747 S Marshfield Ave | Chicago, IL 60609 | O104: =LEFT(N104, FIND("|", N104) - 1) -> 4747 S Marshfield Ave | P104: 20 | Q104: Taylor, Jeanette B.
A105: 400022 | B105: CHIARTS HS | C105: Chicago High School for the Arts (ChiArts) | D105: 0.031 | E105: Contract | F105: Contract | G105: =VLOOKUP(F105, 'Network Chiefs'!A:B, 2, FALSE) -> #N/A | H105: 21 | I105: Weak | J105: 3b | K105: 3 | L105: {=INDEX('School Rep'!$A$2:$A$21, MATCH(J105, 'School Rep'!$B$2:$B$21, 0))} -> Carlos Rivas | M105: 2 | N105: 2714 W Augusta Blvd | Chicago, IL 60622 | O105: =LEFT(N105, FIND("|", N105) - 1) -> 2714 W Augusta Blvd | P105: 26 | Q105: Fuentes, Jessica L.
A106: 610248 | B106: CHICAGO ACADEMY ES | C106: Chicago Academy Elementary School | D106: 0.02 | E106: District | F106: Network 1 | G106: =VLOOKUP(F106, 'Network Chiefs'!A:B, 2, FALSE) -> Julie McGlade | H106: 63 | I106: Strong | J106: 1b | K106: 1 | L106: {=INDEX('School Rep'!$A$2:$A$21, MATCH(J106, 'School Rep'!$B$2:$B$21, 0))} -> Jennifer Custer | M106: 2.7 | N106: 3400 N Austin Ave | Chicago, IL 60634 | O106: =LEFT(N106, FIND("|", N106) - 1) -> 3400 N Austin Ave | P106: 30 | Q106: Cruz, Ruth
A107: 610340 | B107: CHICAGO ACADEMY HS | C107: Chicago Academy High School | D107: 0.031 | E107: District | F107: Network 14 | G107: =VLOOKUP(F107, 'Network Chiefs'!A:B, 2, FALSE) -> Dr. Laura LeMone | H107: 63 | I107: Strong | J107: 1b | K107: 1 | L107: {=INDEX('School Rep'!$A$2:$A$21, MATCH(J107, 'School Rep'!$B$2:$B$21, 0))} -> Jennifer Custer | M107: 2.6 | N107: 3400 N Austin Ave | Chicago, IL 60634 | O107: =LEFT(N107, FIND("|", N107) - 1) -> 3400 N Austin Ave | P107: 30 | Q107: Cruz, Ruth
A108: 609753 | B108: CHICAGO AGRICULTURE HS | C108: Chicago High School For Agricultural Sciences | D108: 0.052 | E108: District | F108: ISP | G108: =VLOOKUP(F108, 'Network Chiefs'!A:B, 2, FALSE) -> #N/A | H108: 68 | I108: Strong | J108: 9b | K108: 9 | L108: {=INDEX('School Rep'!$A$2:$A$21, MATCH(J108, 'School Rep'!$B$2:$B$21, 0))} -> Therese Boyle | M108: 2.4 | N108: 3857 W 111th St | Chicago, IL 60655 | O108: =LEFT(N108, FIND("|", N108) - 1) -> 3857 W 111th St | P108: 19 | Q108: O'Shea, Matthew J.
A109: 400161 | B109: CHICAGO COLLEGIATE | C109: Chicago Collegiate | D109: 0.263 | E109: Charter | F109: Charter | G109: =VLOOKUP(F109, 'Network Chiefs'!A:B, 2, FALSE) -> #N/A | H109: 54 | I109: Neutral | J109: 9b | K109: 9 | L109: {=INDEX('School Rep'!$A$2:$A$21, MATCH(J109, 'School Rep'!$B$2:$B$21, 0))} -> Therese Boyle | M109: 3.7 | N109: 11816 S Indiana | Chicago, IL 60628 | O109: =LEFT(N109, FIND("|", N109) - 1) -> 11816 S Indiana | P109: 9 | Q109: Beale, Anthony
A110: 400147 | B110: CHICAGO EXCEL HS | C110: Chicago Excel Academy HS | D110: 0.611 | E110: Contract | F110: Options | G110: =VLOOKUP(F110, 'Network Chiefs'!A:B, 2, FALSE) -> Richard Smith | H110: 68 | I110: Strong | J110: 9b | K110: 9 | L110: {=INDEX('School Rep'!$A$2:$A$21, MATCH(J110, 'School Rep'!$B$2:$B$21, 0))} -> Therese Boyle | M110: Not Found | N110: 1257 W 111th St | Chicago, IL 60643 | O110: =LEFT(N110, FIND("|", N110) - 1) -> 1257 W 111th St | P110: 21 | Q110: Mosley, Ronnie L.
A111: 400035 | B111: CHICAGO MATH & SCIENCE HS | C111: Chicago Math and Science Academy Charter School | D111: 0.103 | E111: Charter | F111: Charter | G111: =VLOOKUP(F111, 'Network Chiefs'!A:B, 2, FALSE) -> #N/A | H111: 56 | I111: Neutral | J111: 2a | K111: 2 | L111: {=INDEX('School Rep'!$A$2:$A$21, MATCH(J111, 'School Rep'!$B$2:$B$21, 0))} -> Ebony DeBerry | M111: 2.7 | N111: 7212 N Clark St | Chicago, IL 60626 | O111: =LEFT(N111, FIND("|", N111) - 1) -> 7212 N Clark St | P111: 49 | Q111: Hadden, Maria E.
A112: 609754 | B112: CHICAGO MILITARY HS | C112: Chicago Military Academy High School | D112: 0.098 | E112: District | F112: Network 17 | G112: =VLOOKUP(F112, 'Network Chiefs'!A:B, 2, FALSE) -> Myron Hester | H112: 5 | I112: Very Weak | J112: 6b | K112: 6 | L112: {=INDEX('School Rep'!$A$2:$A$21, MATCH(J112, 'School Rep'!$B$2:$B$21, 0))} -> Jessica Biggs | M112: 3.5 | N112: 3519 S Giles Ave | Chicago, IL 60653 | O112: =LEFT(N112, FIND("|", N112) - 1) -> 3519 S Giles Ave | P112: 3 | Q112: Dowell, Pat
A113: 400091 | B113: CHICAGO TECH HS | C113: Chicago Technology Academy High School | D113: 0.076 | E113: Contract | F113: Contract | G113: =VLOOKUP(F113, 'Network Chiefs'!A:B, 2, FALSE) -> #N/A | H113: 30 | I113: Weak | J113: 7a | K113: 7 | L113: {=INDEX('School Rep'!$A$2:$A$21, MATCH(J113, 'School Rep'!$B$2:$B$21, 0))} -> Emma Lozano | M113: 3.5 | N113: 1301 W 14th St | Chicago, IL 60608 | O113: =LEFT(N113, FIND("|", N113) - 1) -> 1301 W 14th St | P113: 28 | Q113: Ervin, Jason C.
A114: 609674 | B114: CHICAGO VOCATIONAL HS | C114: Chicago Vocational Career Academy | D114: 0.279 | E114: District | F114: Network 17 | G114: =VLOOKUP(F114, 'Network Chiefs'!A:B, 2, FALSE) -> Myron Hester | H114: 54 | I114: Neutral | J114: 10b | K114: 10 | L114: {=INDEX('School Rep'!$A$2:$A$21, MATCH(J114, 'School Rep'!$B$2:$B$21, 0))} -> Olga Bautista | M114: 3.3 | N114: 2100 E 87th St | Chicago, IL 60617 | O114: =LEFT(N114, FIND("|", N114) - 1) -> 2100 E 87th St | P114: 8 | Q114: Harris, Michelle A.
A115: 610060 | B115: CHICAGO WORLD LANGUAGE ACADEMY | C115: Chicago World Language Academy | D115: 0.035 | E115: District | F115: Network 6 | G115: =VLOOKUP(F115, 'Network Chiefs'!A:B, 2, FALSE) -> Dr. Ethan Netterstrom | H115: 31 | I115: Weak | J115: 7a | K115: 7 | L115: {=INDEX('School Rep'!$A$2:$A$21, MATCH(J115, 'School Rep'!$B$2:$B$21, 0))} -> Emma Lozano | M115: 2.1 | N115: 1340 W Harrison St | Chicago, IL 60607 | O115: =LEFT(N115, FIND("|", N115) - 1) -> 1340 W Harrison St | P115: 34 | Q115: Conway, William
A116: 609854 | B116: CHOPIN | C116: Frederic Chopin Elementary School | D116: 0.249 | E116: District | F116: Network 5 | G116: =VLOOKUP(F116, 'Network Chiefs'!A:B, 2, FALSE) -> Shontae Higginbottom | H116: 53 | I116: Neutral | J116: 5a | K116: 5 | L116: {=INDEX('School Rep'!$A$2:$A$21, MATCH(J116, 'School Rep'!$B$2:$B$21, 0))} -> Aaron "Jitu" Brown | M116: 2.8 | N116: 2450 W Rice St | Chicago, IL 60622 | O116: =LEFT(N116, FIND("|", N116) - 1) -> 2450 W Rice St | P116: 36 | Q116: Villegas, Gilbert
A117: 609855 | B117: CHRISTOPHER | C117: Walter S Christopher Elementary School | D117: 0.088 | E117: District | F117: Network 8 | G117: =VLOOKUP(F117, 'Network Chiefs'!A:B, 2, FALSE) -> Gilberto Piedrahita | H117: 62 | I117: Strong | J117: 8b | K117: 8 | L117: {=INDEX('School Rep'!$A$2:$A$21, MATCH(J117, 'School Rep'!$B$2:$B$21, 0))} -> Cydney Wallace | M117: 3.6 | N117: 5042 S Artesian Ave | Chicago, IL 60632 | O117: =LEFT(N117, FIND("|", N117) - 1) -> 5042 S Artesian Ave | P117: 15 | Q117: Lopez, Raymond A.
A118: 400159 | B118: CHRISTOPHER HOUSE | C118: Christopher House Charter School | D118: 0 | E118: Charter | F118: Charter | G118: =VLOOKUP(F118, 'Network Chiefs'!A:B, 2, FALSE) -> #N/A | H118: 16 | I118: Very Weak | J118: 3b | K118: 3 | L118: {=INDEX('School Rep'!$A$2:$A$21, MATCH(J118, 'School Rep'!$B$2:$B$21, 0))} -> Carlos Rivas | M118: 3.1 | N118: 5235 W Belden Ave | Chicago, IL 60639 | O118: =LEFT(N118, FIND("|", N118) - 1) -> 5235 W Belden Ave | P118: 36 | Q118: Villegas, Gilbert
A119: 400023 | B119: CICS - AVALON/SOUTH SHORE | C119: CICS - AVALON/SOUTH SHORE | D119: 0.116 | E119: Charter | F119: Charter | G119: =VLOOKUP(F119, 'Network Chiefs'!A:B, 2, FALSE) -> #N/A | H119: 49 | I119: Neutral | J119: 10b | K119: 10 | L119: {=INDEX('School Rep'!$A$2:$A$21, MATCH(J119, 'School Rep'!$B$2:$B$21, 0))} -> Olga Bautista | M119: 3.4 | N119: 1501 E 83rd Pl | Chicago, IL 60619 | O119: =LEFT(N119, FIND("|", N119) - 1) -> 1501 E 83rd Pl | P119: 8 | Q119: Harris, Michelle A.
A120: 400024 | B120: CICS - BASIL | C120: CICS - BASIL | D120: 0.195 | E120: Charter | F120: Charter | G120: =VLOOKUP(F120, 'Network Chiefs'!A:B, 2, FALSE) -> #N/A | H120: 52 | I120: Neutral | J120: 8b | K120: 8 | L120: {=INDEX('School Rep'!$A$2:$A$21, MATCH(J120, 'School Rep'!$B$2:$B$21, 0))} -> Cydney Wallace | M120: 3.4 | N120: 1816 W Garfield Blvd | Chicago, IL 60609 | O120: =LEFT(N120, FIND("|", N120) - 1) -> 1816 W Garfield Blvd | P120: 16 | Q120: Coleman, Stephanie D.
A121: 400092 | B121: CICS - BOND | C121: CICS - Lloyd Bond | D121: 0.129 | E121: Charter | F121: Charter | G121: =VLOOKUP(F121, 'Network Chiefs'!A:B, 2, FALSE) -> #N/A | H121: 65 | I121: Strong | J121: 10b | K121: 10 | L121: {=INDEX('School Rep'!$A$2:$A$21, MATCH(J121, 'School Rep'!$B$2:$B$21, 0))} -> Olga Bautista | M121: 3.3 | N121: 13300 S Langley Ave | Chicago, IL 60827 | O121: =LEFT(N121, FIND("|", N121) - 1) -> 13300 S Langley Ave | P121: 10 | Q121: Chico, Peter
A122: 400025 | B122: CICS - BUCKTOWN | C122: CICS - BUCKTOWN | D122: 0.065 | E122: Charter | F122: Charter | G122: =VLOOKUP(F122, 'Network Chiefs'!A:B, 2, FALSE) -> #N/A | H122: 61 | I122: Strong | J122: 6a | K122: 6 | L122: {=INDEX('School Rep'!$A$2:$A$21, MATCH(J122, 'School Rep'!$B$2:$B$21, 0))} -> Anusha Thotakura | M122: 2.9 | N122: 2235 N Hamilton Ave | Chicago, IL 60647 | O122: =LEFT(N122, FIND("|", N122) - 1) -> 2235 N Hamilton Ave | P122: 32 | Q122: Waguespack, Scott
... A141: 609862 | B141: COLES | C141: Edward Coles Elementary Language Academy | D141: 0.194 | E141: District | F141: Network 12 | G141: =VLOOKUP(F141, 'Network Chiefs'!A:B, 2, FALSE) -> Shenethe Parks | H141: 59 | I141: Neutral | J141: 10b | K141: 10 | L141: {=INDEX('School Rep'!$A$2:$A$21, MATCH(J141, 'School Rep'!$B$2:$B$21, 0))} -> Olga Bautista | M141: 3.6 | N141: 8441 S Yates Blvd | Chicago, IL 60617 | O141: =LEFT(N141, FIND("|", N141) - 1) -> 8441 S Yates Blvd | P141: 7 | Q141: Mitchell, Gregory I.
A142: 610499 | B142: COLLINS STEAM HS | C142: Collins Academy STEAM High School | D142: 0.115 | E142: District | F142: Network 15 | G142: =VLOOKUP(F142, 'Network Chiefs'!A:B, 2, FALSE) -> Michael Boraz | H142: 60 | I142: Strong | J142: Not Found | K142: Not Found | L142: Not Found | M142: 3.4 | N142: 1313 S Sacramento Dr | Chicago, IL 60623 | O142: =LEFT(N142, FIND("|", N142) - 1) -> 1313 S Sacramento Dr | P142: 24 | Q142: Scott, Monique L.
A143: 610170 | B143: COLUMBIA EXPLORERS | C143: Columbia Explorers Elementary Academy | D143: 0.075 | E143: District | F143: ISP | G143: =VLOOKUP(F143, 'Network Chiefs'!A:B, 2, FALSE) -> #N/A | H143: 76 | I143: Strong | J143: 7b | K143: 7 | L143: {=INDEX('School Rep'!$A$2:$A$21, MATCH(J143, 'School Rep'!$B$2:$B$21, 0))} -> Yesenia Lopez | M143: 3.7 | N143: 4520 S Kedzie Ave | Chicago, IL 60632 | O143: =LEFT(N143, FIND("|", N143) - 1) -> 4520 S Kedzie Ave | P143: 12 | Q143: Ramirez, Julia M.
A144: 609864 | B144: COOK | C144: John W Cook Elementary School | D144: 0.257 | E144: District | F144: Network 11 | G144: =VLOOKUP(F144, 'Network Chiefs'!A:B, 2, FALSE) -> Latasha Geverola | H144: 17 | I144: Very Weak | J144: 9a | K144: 9 | L144: {=INDEX('School Rep'!$A$2:$A$21, MATCH(J144, 'School Rep'!$B$2:$B$21, 0))} -> Frank Niles Thomas | M144: 2.9 | N144: 8150 S Bishop St | Chicago, IL 60620 | O144: =LEFT(N144, FIND("|", N144) - 1) -> 8150 S Bishop St | P144: 17 | Q144: Moore, David H.
A145: 609866 | B145: COONLEY | C145: John C Coonley Elementary School | D145: 0.02 | E145: District | F145: Network 2 | G145: =VLOOKUP(F145, 'Network Chiefs'!A:B, 2, FALSE) -> Marilou Rebolledo | H145: 28 | I145: Weak | J145: 4b | K145: 4 | L145: {=INDEX('School Rep'!$A$2:$A$21, MATCH(J145, 'School Rep'!$B$2:$B$21, 0))} -> Ellen Rosenfeld | M145: 1.9 | N145: 4046 N Leavitt St | Chicago, IL 60618 | O145: =LEFT(N145, FIND("|", N145) - 1) -> 4046 N Leavitt St | P145: 47 | Q145: Martin, Matthew J.
A146: 609867 | B146: COOPER | C146: Peter Cooper Elementary Dual Language Academy | D146: 0.046 | E146: District | F146: Network 7 | G146: =VLOOKUP(F146, 'Network Chiefs'!A:B, 2, FALSE) -> Dr. Antonio Acevedo | H146: 41 | I146: Neutral | J146: 7a | K146: 7 | L146: {=INDEX('School Rep'!$A$2:$A$21, MATCH(J146, 'School Rep'!$B$2:$B$21, 0))} -> Emma Lozano | M146: 3.2 | N146: 1624 W 19th St | Chicago, IL 60608 | O146: =LEFT(N146, FIND("|", N146) - 1) -> 1624 W 19th St | P146: 25 | Q146: Sigcho-Lopez, Byron
A147: 609870 | B147: CORKERY | C147: Daniel J Corkery Elementary School | D147: 0.145 | E147: District | F147: Network 7 | G147: =VLOOKUP(F147, 'Network Chiefs'!A:B, 2, FALSE) -> Dr. Antonio Acevedo | H147: 43 | I147: Neutral | J147: 7a | K147: 7 | L147: {=INDEX('School Rep'!$A$2:$A$21, MATCH(J147, 'School Rep'!$B$2:$B$21, 0))} -> Emma Lozano | M147: 3.5 | N147: 2510 S Kildare Ave | Chicago, IL 60623 | O147: =LEFT(N147, FIND("|", N147) - 1) -> 2510 S Kildare Ave | P147: 22 | Q147: Rodriguez, Michael D.
A148: 609761 | B148: CORLISS HS | C148: George H Corliss High School | D148: 0.202 | E148: District | F148: Network 17 | G148: =VLOOKUP(F148, 'Network Chiefs'!A:B, 2, FALSE) -> Myron Hester | H148: 33 | I148: Weak | J148: 10b | K148: 10 | L148: {=INDEX('School Rep'!$A$2:$A$21, MATCH(J148, 'School Rep'!$B$2:$B$21, 0))} -> Olga Bautista | M148: 3.6 | N148: 821 E 103rd St | Chicago, IL 60628 | O148: =LEFT(N148, FIND("|", N148) - 1) -> 821 E 103rd St | P148: 9 | Q148: Beale, Anthony
A149: 610355 | B149: COURTENAY | C149: Mary E Courtenay Elementary Language Arts Center | D149: 0.357 | E149: District | F149: Network 2 | G149: =VLOOKUP(F149, 'Network Chiefs'!A:B, 2, FALSE) -> Marilou Rebolledo | H149: 56 | I149: Neutral | J149: 4a | K149: 4 | L149: {=INDEX('School Rep'!$A$2:$A$21, MATCH(J149, 'School Rep'!$B$2:$B$21, 0))} -> Karen Zaccor | M149: 3.3 | N149: 4420 N Beacon St | Chicago, IL 60640 | O149: =LEFT(N149, FIND("|", N149) - 1) -> 4420 N Beacon St | P149: 46 | Q149: Clay, Angela
A150: 610561 | B150: CRANE MEDICAL HS | C150: Richard T Crane Medical Preparatory HS | D150: 0.161 | E150: District | F150: Network 15 | G150: =VLOOKUP(F150, 'Network Chiefs'!A:B, 2, FALSE) -> Michael Boraz | H150: 60 | I150: Strong | J150: 5b | K150: 5 | L150: {=INDEX('School Rep'!$A$2:$A$21, MATCH(J150, 'School Rep'!$B$2:$B$21, 0))} -> Michilla Blaise | M150: 3.3 | N150: 2245 W Jackson Blvd | Chicago, IL 60612 | O150: =LEFT(N150, FIND("|", N150) - 1) -> 2245 W Jackson Blvd | P150: 27 | Q150: Burnett, Jr., Walter
A151: 609873 | B151: CROWN | C151: Crown Community Academy of Fine Arts Center ES | D151: 0.181 | E151: District | F151: Network 5 | G151: =VLOOKUP(F151, 'Network Chiefs'!A:B, 2, FALSE) -> Shontae Higginbottom | H151: 23 | I151: Weak | J151: 5b | K151: 5 | L151: {=INDEX('School Rep'!$A$2:$A$21, MATCH(J151, 'School Rep'!$B$2:$B$21, 0))} -> Michilla Blaise | M151: 3.8 | N151: 2128 S Saint Louis Ave | Chicago, IL 60623 | O151: =LEFT(N151, FIND("|", N151) - 1) -> 2128 S Saint Louis Ave | P151: 24 | Q151: Scott, Monique L.
A152: 610003 | B152: CUFFE | C152: Paul Cuffe Math-Science Technology Academy ES | D152: 0.123 | E152: District | F152: Network 11 | G152: =VLOOKUP(F152, 'Network Chiefs'!A:B, 2, FALSE) -> Latasha Geverola | H152: 60 | I152: Strong | J152: 9a | K152: 9 | L152: {=INDEX('School Rep'!$A$2:$A$21, MATCH(J152, 'School Rep'!$B$2:$B$21, 0))} -> Frank Niles Thomas | M152: 2.8 | N152: 8324 S Racine Ave | Chicago, IL 60620 | O152: =LEFT(N152, FIND("|", N152) - 1) -> 8324 S Racine Ave | P152: 17 | Q152: Moore, David H.
A153: 610004 | B153: CULLEN | C153: Countee Cullen Elementary School | D153: 0.245 | E153: District | F153: Network 13 | G153: =VLOOKUP(F153, 'Network Chiefs'!A:B, 2, FALSE) -> Dr. Terrycita D. Perry | H153: 48 | I153: Neutral | J153: 9b | K153: 9 | L153: {=INDEX('School Rep'!$A$2:$A$21, MATCH(J153, 'School Rep'!$B$2:$B$21, 0))} -> Therese Boyle | M153: 3.6 | N153: 10650 S Eberhart Ave | Chicago, IL 60628 | O153: =LEFT(N153, FIND("|", N153) - 1) -> 10650 S Eberhart Ave | P153: 9 | Q153: Beale, Anthony
A154: 609756 | B154: CURIE HS | C154: Marie Sklodowska Curie Metropolitan High School | D154: 0.104 | E154: District | F154: Network 15 | G154: =VLOOKUP(F154, 'Network Chiefs'!A:B, 2, FALSE) -> Michael Boraz | H154: 25 | I154: Weak | J154: 7b | K154: 7 | L154: {=INDEX('School Rep'!$A$2:$A$21, MATCH(J154, 'School Rep'!$B$2:$B$21, 0))} -> Yesenia Lopez | M154: 2.6 | N154: 4959 S Archer Ave | Chicago, IL 60632 | O154: =LEFT(N154, FIND("|", N154) - 1) -> 4959 S Archer Ave | P154: 14 | Q154: Gutierrez, Jeylu B.
A155: 609900 | B155: CURTIS | C155: George W Curtis Elementary School | D155: 0.311 | E155: District | F155: Network 13 | G155: =VLOOKUP(F155, 'Network Chiefs'!A:B, 2, FALSE) -> Dr. Terrycita D. Perry | H155: 35 | I155: Weak | J155: 9b | K155: 9 | L155: {=INDEX('School Rep'!$A$2:$A$21, MATCH(J155, 'School Rep'!$B$2:$B$21, 0))} -> Therese Boyle | M155: 3.6 | N155: 32 E 115th St | Chicago, IL 60628 | O155: =LEFT(N155, FIND("|", N155) - 1) -> 32 E 115th St | P155: 9 | Q155: Beale, Anthony
A156: 609833 | B156: DAISY BATES | C156: Daisy Bates Academy of Social Justice | D156: 0.19 | E156: District | F156: ISP | G156: =VLOOKUP(F156, 'Network Chiefs'!A:B, 2, FALSE) -> #N/A | H156: 54 | I156: Neutral | L156: {=INDEX('School Rep'!$A$2:$A$21, MATCH(J156, 'School Rep'!$B$2:$B$21, 0))} -> #N/A | M156: 2.9 | N156: 8546 S Cregier Ave | Chicago, IL 60617 | O156: =LEFT(N156, FIND("|", N156) - 1) -> 8546 S Cregier Ave | P156: 8 | Q156: Harris, Michelle A.
A157: 610239 | B157: DALEY | C157: Richard J Daley Elementary Academy | D157: 0.127 | E157: District | F157: Network 8 | G157: =VLOOKUP(F157, 'Network Chiefs'!A:B, 2, FALSE) -> Gilberto Piedrahita | H157: 25 | I157: Weak | J157: 8b | K157: 8 | L157: {=INDEX('School Rep'!$A$2:$A$21, MATCH(J157, 'School Rep'!$B$2:$B$21, 0))} -> Cydney Wallace | M157: 4 | N157: 5024 S Wolcott Ave | Chicago, IL 60609 | O157: =LEFT(N157, FIND("|", N157) - 1) -> 5024 S Wolcott Ave | P157: 20 | Q157: Taylor, Jeanette B.
A158: 609875 | B158: DARWIN | C158: Charles R Darwin Elementary School | D158: 0.087 | E158: District | F158: Network 4 | G158: =VLOOKUP(F158, 'Network Chiefs'!A:B, 2, FALSE) -> Jerry Travlos | H158: 57 | I158: Neutral | J158: 3b | K158: 3 | L158: {=INDEX('School Rep'!$A$2:$A$21, MATCH(J158, 'School Rep'!$B$2:$B$21, 0))} -> Carlos Rivas | M158: 2.4 | N158: 3116 W Belden Ave | Chicago, IL 60647 | O158: =LEFT(N158, FIND("|", N158) - 1) -> 3116 W Belden Ave | P158: 35 | Q158: Ramirez-Rosa, Carlos
A159: 610521 | B159: DAVIS M | C159: Sir Miles Davis Magnet Elementary Academy | D159: 0 | E159: District | F159: ISP | G159: =VLOOKUP(F159, 'Network Chiefs'!A:B, 2, FALSE) -> #N/A | H159: 56 | I159: Neutral | J159: 9a | K159: 9 | L159: {=INDEX('School Rep'!$A$2:$A$21, MATCH(J159, 'School Rep'!$B$2:$B$21, 0))} -> Frank Niles Thomas | M159: 3.3 | N159: 6740 S Paulina St | Chicago, IL 60636 | O159: =LEFT(N159, FIND("|", N159) - 1) -> 6740 S Paulina St | P159: 16 | Q159: Coleman, Stephanie D.
A160: 609876 | B160: DAVIS N | C160: Nathan S Davis Elementary School | D160: 0.122 | E160: District | F160: Network 8 | G160: =VLOOKUP(F160, 'Network Chiefs'!A:B, 2, FALSE) -> Gilberto Piedrahita | H160: 17 | I160: Very Weak | J160: 7b | K160: 7 | L160: {=INDEX('School Rep'!$A$2:$A$21, MATCH(J160, 'School Rep'!$B$2:$B$21, 0))} -> Yesenia Lopez | M160: 3.4 | N160: 3014 W 39th Pl | Chicago, IL 60632 | O160: =LEFT(N160, FIND("|", N160) - 1) -> 3014 W 39th Pl | P160: 12 | Q160: Ramirez, Julia M.
A161: 609879 | B161: DAWES | C161: Charles Gates Dawes Elementary School | D161: 0.078 | E161: District | F161: Network 10 | G161: =VLOOKUP(F161, 'Network Chiefs'!A:B, 2, FALSE) -> Mira Weber | H161: 58 | I161: Neutral | J161: 8a | K161: 8 | L161: {=INDEX('School Rep'!$A$2:$A$21, MATCH(J161, 'School Rep'!$B$2:$B$21, 0))} -> Angel Gutierrez | M161: 2.8 | N161: 3810 W 81st Pl | Chicago, IL 60652 | O161: =LEFT(N161, FIND("|", N161) - 1) -> 3810 W 81st Pl | P161: 18 | Q161: Curtis, Derrick G.
A162: 610313 | B162: DE DIEGO | C162: Jose De Diego Elementary Community Academy | D162: 0.087 | E162: District | F162: Network 5 | G162: =VLOOKUP(F162, 'Network Chiefs'!A:B, 2, FALSE) -> Shontae Higginbottom | H162: 47 | I162: Neutral | J162: 6a | K162: 6 | L162: {=INDEX('School Rep'!$A$2:$A$21, MATCH(J162, 'School Rep'!$B$2:$B$21, 0))} -> Anusha Thotakura | M162: 2.9 | N162: 1313 N Claremont Ave | Chicago, IL 60622 | O162: =LEFT(N162, FIND("|", N162) - 1) -> 1313 N Claremont Ave | P162: 1 | Q162: La Spata, Daniel
A163: 609880 | B163: DECATUR | C163: Stephen Decatur Classical Elementary School | D163: 0 | E163: District | F163: Network 2 | G163: =VLOOKUP(F163, 'Network Chiefs'!A:B, 2, FALSE) -> Marilou Rebolledo | H163: 82 | I163: Very Strong | J163: 2a | K163: 2 | L163: {=INDEX('School Rep'!$A$2:$A$21, MATCH(J163, 'School Rep'!$B$2:$B$21, 0))} -> Ebony DeBerry | M163: 1.7 | N163: 7030 N Sacramento Ave | Chicago, IL 60645 | O163: =LEFT(N163, FIND("|", N163) - 1) -> 7030 N Sacramento Ave | P163: 50 | Q163: Silverstein, Debra L.
A164: 609883 | B164: DENEEN | C164: Charles S Deneen Elementary School | D164: 0.133 | E164: District | F164: Network 12 | G164: =VLOOKUP(F164, 'Network Chiefs'!A:B, 2, FALSE) -> Shenethe Parks | H164: 55 | I164: Neutral | J164: 6b | K164: 6 | L164: {=INDEX('School Rep'!$A$2:$A$21, MATCH(J164, 'School Rep'!$B$2:$B$21, 0))} -> Jessica Biggs | M164: 3.3 | N164: 7240 S Wabash Ave | Chicago, IL 60619 | O164: =LEFT(N164, FIND("|", N164) - 1) -> 7240 S Wabash Ave | P164: 6 | Q164: Hall, William E.
A165: 610367 | B165: DEPRIEST | C165: Oscar DePriest Elementary School | D165: 0.15 | E165: District | F165: Network 3 | G165: =VLOOKUP(F165, 'Network Chiefs'!A:B, 2, FALSE) -> Jennifer Farrell‐Rottman | H165: 27 | I165: Weak | J165: 5a | K165: 5 | L165: {=INDEX('School Rep'!$A$2:$A$21, MATCH(J165, 'School Rep'!$B$2:$B$21, 0))} -> Aaron "Jitu" Brown | M165: 3.8 | N165: 139 S Parkside Ave | Chicago, IL 60644 | O165: =LEFT(N165, FIND("|", N165) - 1) -> 139 S Parkside Ave | P165: 29 | Q165: Taliaferro, Chris
A166: 610252 | B166: DETT | C166: Robert Nathaniel Dett Elementary School | D166: 0.283 | E166: District | F166: Network 6 | G166: =VLOOKUP(F166, 'Network Chiefs'!A:B, 2, FALSE) -> Dr. Ethan Netterstrom | J166: 5b | K166: 5 | L166: {=INDEX('School Rep'!$A$2:$A$21, MATCH(J166, 'School Rep'!$B$2:$B$21, 0))} -> Michilla Blaise | M166: 3.4 | N166: 2131 W Monroe St | Chicago, IL 60612 | O166: =LEFT(N166, FIND("|", N166) - 1) -> 2131 W Monroe St | P166: 27 | Q166: Burnett, Jr., Walter
A167: 609884 | B167: DEVER | C167: William E Dever Elementary School | D167: 0.072 | E167: District | F167: Network 1 | G167: =VLOOKUP(F167, 'Network Chiefs'!A:B, 2, FALSE) -> Julie McGlade | H167: 54 | I167: Neutral | J167: 1a | K167: 1 | L167: {=INDEX('School Rep'!$A$2:$A$21, MATCH(J167, 'School Rep'!$B$2:$B$21, 0))} -> Ed Bannon | M167: 1.9 | N167: 3436 N Osceola Ave | Chicago, IL 60634 | O167: =LEFT(N167, FIND("|", N167) - 1) -> 3436 N Osceola Ave | P167: 38 | Q167: Sposato, Nicholas
A168: 610402 | B168: DEVRY HS | C168: Devry University Advantage Academy | D168: 0 | E168: District | F168: Network 14 | G168: =VLOOKUP(F168, 'Network Chiefs'!A:B, 2, FALSE) -> Dr. Laura LeMone | H168: 91 | I168: Very Strong | J168: 2b | K168: 2 | L168: {=INDEX('School Rep'!$A$2:$A$21, MATCH(J168, 'School Rep'!$B$2:$B$21, 0))} -> Debby Pope | M168: 2.4 | N168: 1900 W Lawrence Ave | Chicago, IL 60640 | O168: =LEFT(N168, FIND("|", N168) - 1) -> 1900 W Lawrence Ave | P168: 47 | Q168: Martin, Matthew J.
A169: 609885 | B169: DEWEY | C169: Dewey Elementary Academy of Fine Arts | D169: 0.134 | E169: District | F169: Network 8 | G169: =VLOOKUP(F169, 'Network Chiefs'!A:B, 2, FALSE) -> Gilberto Piedrahita | H169: 58 | I169: Neutral | J169: 9a | K169: 9 | L169: {=INDEX('School Rep'!$A$2:$A$21, MATCH(J169, 'School Rep'!$B$2:$B$21, 0))} -> Frank Niles Thomas | M169: 3.6 | N169: 5415 S Union Ave | Chicago, IL 60609 | O169: =LEFT(N169, FIND("|", N169) - 1) -> 5415 S Union Ave | P169: 16 | Q169: Coleman, Stephanie D.
A170: 609874 | B170: DIRKSEN | C170: Everett McKinley Dirksen Elementary School | D170: 0.191 | E170: District | F170: Network 1 | G170: =VLOOKUP(F170, 'Network Chiefs'!A:B, 2, FALSE) -> Julie McGlade | J170: 1a | K170: 1 | L170: {=INDEX('School Rep'!$A$2:$A$21, MATCH(J170, 'School Rep'!$B$2:$B$21, 0))} -> Ed Bannon | M170: 2 | N170: 8601 W Foster Ave | Chicago, IL 60656 | O170: =LEFT(N170, FIND("|", N170) - 1) -> 8601 W Foster Ave | P170: 41 | Q170: Napolitano, Anthony V.
A171: 610363 | B171: DISNEY | C171: Walt Disney Magnet Elementary School | D171: 0.026 | E171: District | F171: Network 2 | G171: =VLOOKUP(F171, 'Network Chiefs'!A:B, 2, FALSE) -> Marilou Rebolledo | H171: 34 | I171: Weak | J171: 4a | K171: 4 | L171: {=INDEX('School Rep'!$A$2:$A$21, MATCH(J171, 'School Rep'!$B$2:$B$21, 0))} -> Karen Zaccor | M171: 2.3 | N171: 4140 N Marine Dr | Chicago, IL 60613 | O171: =LEFT(N171, FIND("|", N171) - 1) -> 4140 N Marine Dr | P171: 46 | Q171: Clay, Angela
A172: 610515 | B172: DISNEY II ES | C172: Disney II Magnet School | D172: 0 | E172: District | F172: Network 14 | G172: =VLOOKUP(F172, 'Network Chiefs'!A:B, 2, FALSE) -> Dr. Laura LeMone | H172: 70 | I172: Strong | J172: 1b | K172: 1 | L172: {=INDEX('School Rep'!$A$2:$A$21, MATCH(J172, 'School Rep'!$B$2:$B$21, 0))} -> Jennifer Custer | M172: 2.5 | N172: 3815 N Kedvale Ave | Chicago, IL 60641 | O172: =LEFT(N172, FIND("|", N172) - 1) -> 3815 N Kedvale Ave | P172: 30 | Q172: Cruz, Ruth
A173: 610564 | B173: DISNEY II HS | C173: Disney II Magnet High School | D173: 0.031 | E173: District | F173: Network 14 | G173: =VLOOKUP(F173, 'Network Chiefs'!A:B, 2, FALSE) -> Dr. Laura LeMone | H173: 63 | I173: Strong | J173: 1b | K173: 1 | L173: {=INDEX('School Rep'!$A$2:$A$21, MATCH(J173, 'School Rep'!$B$2:$B$21, 0))} -> Jennifer Custer | M173: 2.6 | N173: 3900 N Lawndale Ave | Chicago, IL 60618 | O173: =LEFT(N173, FIND("|", N173) - 1) -> 3900 N Lawndale Ave | P173: 45 | Q173: Gardiner, James M.
A174: 609887 | B174: DIXON | C174: Arthur Dixon Elementary School | D174: 0.081 | E174: District | F174: Network 12 | G174: =VLOOKUP(F174, 'Network Chiefs'!A:B, 2, FALSE) -> Shenethe Parks | H174: 70 | I174: Strong | J174: 10b | K174: 10 | L174: {=INDEX('School Rep'!$A$2:$A$21, MATCH(J174, 'School Rep'!$B$2:$B$21, 0))} -> Olga Bautista | M174: 2.9 | N174: 8306 S Saint Lawrence Ave | Chicago, IL 60619 | O174: =LEFT(N174, FIND("|", N174) - 1) -> 8306 S Saint Lawrence Ave | P174: 6 | Q174: Hall, William E.
A175: 609891 | B175: DOOLITTLE | C175: James R Doolittle Jr Elementary School | D175: 0.196 | E175: District | F175: Network 9 | G175: =VLOOKUP(F175, 'Network Chiefs'!A:B, 2, FALSE) -> Alene Mason | H175: 50 | I175: Neutral | J175: 10a | K175: 10 | L175: {=INDEX('School Rep'!$A$2:$A$21, MATCH(J175, 'School Rep'!$B$2:$B$21, 0))} -> Che "Rhymefest" Smith | M175: 3.8 | N175: 535 E 35th St | Chicago, IL 60616 | O175: =LEFT(N175, FIND("|", N175) - 1) -> 535 E 35th St | P175: 4 | Q175: Robinson, Lamont J.
A176: 609893 | B176: DORE | C176: John C Dore Elementary School | D176: 0.065 | E176: District | F176: Network 10 | G176: =VLOOKUP(F176, 'Network Chiefs'!A:B, 2, FALSE) -> Mira Weber | J176: 8a | K176: 8 | L176: {=INDEX('School Rep'!$A$2:$A$21, MATCH(J176, 'School Rep'!$B$2:$B$21, 0))} -> Angel Gutierrez | M176: 2.5 | N176: 7134 W 65th St | Chicago, IL 60638 | O176: =LEFT(N176, FIND("|", N176) - 1) -> 7134 W 65th St | P176: 13 | Q176: Quinn, Marty
A177: 610245 | B177: DOUGLASS HS | C177: Frederick A Douglass Academy High School | D177: 0 | E177: District | F177: Network 15 | G177: =VLOOKUP(F177, 'Network Chiefs'!A:B, 2, FALSE) -> Michael Boraz | H177: 90 | I177: Very Strong | J177: 5a | K177: 5 | L177: {=INDEX('School Rep'!$A$2:$A$21, MATCH(J177, 'School Rep'!$B$2:$B$21, 0))} -> Aaron "Jitu" Brown | M177: 4.1 | N177: 543 N Waller Ave | Chicago, IL 60644 | O177: =LEFT(N177, FIND("|", N177) - 1) -> 543 N Waller Ave | P177: 29 | Q177: Taliaferro, Chris
A178: 609894 | B178: DRAKE | C178: John B Drake Elementary School | D178: 0.296 | E178: District | F178: Network 9 | G178: =VLOOKUP(F178, 'Network Chiefs'!A:B, 2, FALSE) -> Alene Mason | H178: 76 | I178: Strong | J178: 8b | K178: 8 | L178: {=INDEX('School Rep'!$A$2:$A$21, MATCH(J178, 'School Rep'!$B$2:$B$21, 0))} -> Cydney Wallace | M178: 3 | N178: 2710 S Dearborn St | Chicago, IL 60616 | O178: =LEFT(N178, FIND("|", N178) - 1) -> 2710 S Dearborn St | P178: 3 | Q178: Dowell, Pat
A179: 609896 | B179: DRUMMOND | C179: Thomas Drummond Elementary School | D179: 0 | E179: District | F179: Network 6 | G179: =VLOOKUP(F179, 'Network Chiefs'!A:B, 2, FALSE) -> Dr. Ethan Netterstrom | H179: 62 | I179: Strong | J179: 4b | K179: 4 | L179: {=INDEX('School Rep'!$A$2:$A$21, MATCH(J179, 'School Rep'!$B$2:$B$21, 0))} -> Ellen Rosenfeld | M179: 2 | N179: 1845 W Cortland St | Chicago, IL 60622 | O179: =LEFT(N179, FIND("|", N179) - 1) -> 1845 W Cortland St | P179: 32 | Q179: Waguespack, Scott
A180: 610364 | B180: DUBOIS | C180: William E B Dubois Elementary School | D180: 0.171 | E180: District | F180: Network 13 | G180: =VLOOKUP(F180, 'Network Chiefs'!A:B, 2, FALSE) -> Dr. Terrycita D. Perry | H180: 55 | I180: Neutral | J180: 10b | K180: 10 | L180: {=INDEX('School Rep'!$A$2:$A$21, MATCH(J180, 'School Rep'!$B$2:$B$21, 0))} -> Olga Bautista | M180: 3.5 | N180: 330 E 133rd St | Chicago, IL 60827 | O180: =LEFT(N180, FIND("|", N180) - 1) -> 330 E 133rd St | P180: 9 | Q180: Beale, Anthony
A181: 610263 | B181: DULLES | C181: John Foster Dulles Elementary School | D181: 0.202 | E181: District | F181: Network 9 | G181: =VLOOKUP(F181, 'Network Chiefs'!A:B, 2, FALSE) -> Alene Mason | H181: 59 | I181: Neutral | J181: 6b | K181: 6 | L181: {=INDEX('School Rep'!$A$2:$A$21, MATCH(J181, 'School Rep'!$B$2:$B$21, 0))} -> Jessica Biggs | M181: 3.4 | N181: 6311 S Calumet Ave | Chicago, IL 60637 | O181: =LEFT(N181, FIND("|", N181) - 1) -> 6311 S Calumet Ave | P181: 20 | Q181: Taylor, Jeanette B.
A182: 609676 | B182: DUNBAR HS | C182: Dunbar Career Academy High School | D182: 0.145 | E182: District | F182: Network 17 | G182: =VLOOKUP(F182, 'Network Chiefs'!A:B, 2, FALSE) -> Myron Hester | H182: 41 | I182: Neutral | J182: 6b | K182: 6 | L182: {=INDEX('School Rep'!$A$2:$A$21, MATCH(J182, 'School Rep'!$B$2:$B$21, 0))} -> Jessica Biggs | M182: 3.3 | N182: 3000 S King Dr | Chicago, IL 60616 | O182: =LEFT(N182, FIND("|", N182) - 1) -> 3000 S King Dr | P182: 4 | Q182: Robinson, Lamont J.
A183: 610188 | B183: DUNNE | C183: Dunne Technology Academy | D183: 0.119 | E183: District | F183: Network 13 | G183: =VLOOKUP(F183, 'Network Chiefs'!A:B, 2, FALSE) -> Dr. Terrycita D. Perry | H183: 69 | I183: Strong | J183: 9b | K183: 9 | L183: {=INDEX('School Rep'!$A$2:$A$21, MATCH(J183, 'School Rep'!$B$2:$B$21, 0))} -> Therese Boyle | M183: 2.8 | N183: 10845 S Union Ave | Chicago, IL 60628 | O183: =LEFT(N183, FIND("|", N183) - 1) -> 10845 S Union Ave | P183: 21 | Q183: Mosley, Ronnie L.
A184: 610352 | B184: DURKIN PARK | C184: Durkin Park Elementary School | D184: 0.065 | E184: District | F184: Network 10 | G184: =VLOOKUP(F184, 'Network Chiefs'!A:B, 2, FALSE) -> Mira Weber | H184: 43 | I184: Neutral | J184: 8a | K184: 8 | L184: {=INDEX('School Rep'!$A$2:$A$21, MATCH(J184, 'School Rep'!$B$2:$B$21, 0))} -> Angel Gutierrez | M184: 2.5 | N184: 8445 S Kolin Ave | Chicago, IL 60652 | O184: =LEFT(N184, FIND("|", N184) - 1) -> 8445 S Kolin Ave | P184: 18 | Q184: Curtis, Derrick G.
A185: 610254 | B185: DVORAK | C185: Dvorak Technology Academy | D185: 0.186 | E185: District | F185: Network 7 | G185: =VLOOKUP(F185, 'Network Chiefs'!A:B, 2, FALSE) -> Dr. Antonio Acevedo | H185: 22 | I185: Weak | J185: 5b | K185: 5 | L185: {=INDEX('School Rep'!$A$2:$A$21, MATCH(J185, 'School Rep'!$B$2:$B$21, 0))} -> Michilla Blaise | M185: 3.5 | N185: 3615 W 16th St | Chicago, IL 60623 | O185: =LEFT(N185, FIND("|", N185) - 1) -> 3615 W 16th St | P185: 24 | Q185: Scott, Monique L.
...

Sheet Copy of All Data
A1: School ID | B1: School Name | C1: School Long Name | D1: Transfer Rate | E1: Governance | F1: Network | G1: Network Chief | H1: Effective Leaders Score | I1: Effective Leaders Rating | J1: ESB Subdist | K1: ESB Dist | L1: CBOE Representative | M1: Opportunity Index | N1: Full Address | O1: Partial Address | P1: Ward | Q1: Alderman
A2: 400153 | B2: ACERO - BRIGHTON PARK | C2: Acero Charter Schools - Brighton Park | D2: 0.04 | E2: Charter | F2: Charter | G2: #N/A | H2: 56 | I2: Neutral | J2: 7b | K2: 7 | L2: {=INDEX('School Rep'!$A$2:$A$21, MATCH(J2, 'School Rep'!$B$2:$B$21, 0))} -> Yesenia Lopez | M2: 3.7 | N2: 4420 S Fairfield Ave | Chicago, IL 60632 | O2: =LEFT(N2, FIND("|", N2) - 1) -> 4420 S Fairfield Ave | P2: 12 | Q2: Ramirez, Julia M.
A3: 400101 | B3: ACERO - CISNEROS | C3: Acero Charter Schools - Sandra Cisneros | D3: 0.095 | E3: Charter | F3: Charter | G3: #N/A | H3: 51 | I3: Neutral | J3: 8b | K3: 8 | L3: {=INDEX('School Rep'!$A$2:$A$21, MATCH(J3, 'School Rep'!$B$2:$B$21, 0))} -> Cydney Wallace | M3: 3.6 | N3: 2744 W Pershing Rd | Chicago, IL 60632 | O3: =LEFT(N3, FIND("|", N3) - 1) -> 2744 W Pershing Rd | P3: 12 | Q3: Ramirez, Julia M.
A4: 400120 | B4: ACERO - CLEMENTE | C4: Acero Charter Schools - Roberto Clemente | D4: 0.022 | E4: Charter | F4: Charter | G4: #N/A | H4: 16 | I4: Very Weak | J4: 5a | K4: 5 | L4: {=INDEX('School Rep'!$A$2:$A$21, MATCH(J4, 'School Rep'!$B$2:$B$21, 0))} -> Aaron "Jitu" Brown | M4: 3.6 | N4: 2050 N Natchez Ave | Chicago, IL 60707 | O4: =LEFT(N4, FIND("|", N4) - 1) -> 2050 N Natchez Ave | P4: 29 | Q4: Taliaferro, Chris
A5: 400121 | B5: ACERO - DE LA CRUZ | C5: Acero Charter Schools - Sor Juana Inés de la Cruz | D5: 0.147 | E5: Charter | F5: Charter | G5: #N/A | H5: 45 | I5: Neutral | J5: 2a | K5: 2 | L5: {=INDEX('School Rep'!$A$2:$A$21, MATCH(J5, 'School Rep'!$B$2:$B$21, 0))} -> Ebony DeBerry | M5: 3.2 | N5: 7416 N Ridge Ave | Chicago, IL 60645 | O5: =LEFT(N5, FIND("|", N5) - 1) -> 7416 N Ridge Ave | P5: 49 | Q5: Hadden, Maria E.
A6: 400081 | B6: ACERO - DE LAS CASAS | C6: Acero Charter Schools - Bartolomé de las Casas | D6: 0.064 | E6: Charter | F6: Charter | G6: #N/A | H6: 32 | I6: Weak | J6: 7a | K6: 7 | L6: {=INDEX('School Rep'!$A$2:$A$21, MATCH(J6, 'School Rep'!$B$2:$B$21, 0))} -> Emma Lozano | M6: 3.4 | N6: 1641 W 16th St | Chicago, IL 60608 | O6: =LEFT(N6, FIND("|", N6) - 1) -> 1641 W 16th St | P6: 25 | Q6: Sigcho-Lopez, Byron
A7: 400082 | B7: ACERO - FUENTES | C7: Acero Charter Schools - Carlos Fuentes | D7: 0.051 | E7: Charter | F7: Charter | G7: #N/A | H7: 42 | I7: Neutral | J7: 3a | K7: 3 | L7: {=INDEX('School Rep'!$A$2:$A$21, MATCH(J7, 'School Rep'!$B$2:$B$21, 0))} -> Norma Rios-Sierra | M7: 3.3 | N7: 2845 W Barry Ave | Chicago, IL 60618 | O7: =LEFT(N7, FIND("|", N7) - 1) -> 2845 W Barry Ave | P7: 35 | Q7: Ramirez-Rosa, Carlos
A8: 400085 | B8: ACERO - GARCIA HS | C8: Acero Charter Schools - Major Hector P. Garcia MD | D8: 0.072 | E8: Charter | F8: Charter | G8: #N/A | H8: 60 | I8: Strong | J8: 7b | K8: 7 | L8: {=INDEX('School Rep'!$A$2:$A$21, MATCH(J8, 'School Rep'!$B$2:$B$21, 0))} -> Yesenia Lopez | M8: 3 | N8: 4248 W 47th St | Chicago, IL 60632 | O8: =LEFT(N8, FIND("|", N8) - 1) -> 4248 W 47th St | P8: 14 | Q8: Gutierrez, Jeylu B.
A9: 400112 | B9: ACERO - IDAR | C9: Acero Charter Schools - Jovita Idar | D9: 0.061 | E9: Charter | F9: Charter | G9: #N/A | H9: 64 | I9: Strong | J9: 7b | K9: 7 | L9: {=INDEX('School Rep'!$A$2:$A$21, MATCH(J9, 'School Rep'!$B$2:$B$21, 0))} -> Yesenia Lopez | M9: 3.5 | N9: 5050 S Homan Ave | Chicago, IL 60632 | O9: =LEFT(N9, FIND("|", N9) - 1) -> 5050 S Homan Ave | P9: 14 | Q9: Gutierrez, Jeylu B.
A10: 400089 | B10: ACERO - MARQUEZ | C10: Acero Charter Schools - Officer Donald J. Marquez | D10: 0.059 | E10: Charter | F10: Charter | G10: #N/A | H10: 46 | I10: Neutral | J10: 7b | K10: 7 | L10: {=INDEX('School Rep'!$A$2:$A$21, MATCH(J10, 'School Rep'!$B$2:$B$21, 0))} -> Yesenia Lopez | M10: 3.7 | N10: 2916 W 47th St | Chicago, IL 60632 | O10: =LEFT(N10, FIND("|", N10) - 1) -> 2916 W 47th St | P10: 12 | Q10: Ramirez, Julia M.
A11: 400083 | B11: ACERO - PAZ | C11: Acero Charter Schools - Octavio Paz Campus | D11: 0.057 | E11: Charter | F11: Charter | G11: #N/A | H11: 33 | I11: Weak | J11: 7a | K11: 7 | L11: {=INDEX('School Rep'!$A$2:$A$21, MATCH(J11, 'School Rep'!$B$2:$B$21, 0))} -> Emma Lozano | M11: 3.8 | N11: 2651 W 23rd St | Chicago, IL 60608 | O11: =LEFT(N11, FIND("|", N11) - 1) -> 2651 W 23rd St | P11: 25 | Q11: Sigcho-Lopez, Byron
A12: 400114 | B12: ACERO - SANTIAGO | C12: Acero Charter Schools - Esmeralda Santiago | D12: 0.095 | E12: Charter | F12: Charter | G12: #N/A | H12: 55 | I12: Neutral | J12: 5a | K12: 5 | L12: {=INDEX('School Rep'!$A$2:$A$21, MATCH(J12, 'School Rep'!$B$2:$B$21, 0))} -> Aaron "Jitu" Brown | M12: 3.4 | N12: 2510 W Cortez St | Chicago, IL 60622 | O12: =LEFT(N12, FIND("|", N12) - 1) -> 2510 W Cortez St | P12: 36 | Q12: Villegas, Gilbert
A13: 400149 | B13: ACERO - SOTO HS | C13: Acero Charter Schools - Victoria Soto | D13: 0.065 | E13: Charter | F13: Charter | G13: #N/A | H13: 65 | I13: Strong | J13: 7b | K13: 7 | L13: {=INDEX('School Rep'!$A$2:$A$21, MATCH(J13, 'School Rep'!$B$2:$B$21, 0))} -> Yesenia Lopez | M13: 3 | N13: 5025 S St. Louis Ave | Chicago, IL 60632 | O13: =LEFT(N13, FIND("|", N13) - 1) -> 5025 S St. Louis Ave | P13: 14 | Q13: Gutierrez, Jeylu B.
... A16: 400079 | B16: ACERO - ZIZUMBO | C16: Acero Charter Schools - SPC Daniel Zizumbo | D16: 0.036 | E16: Charter | F16: Charter | G16: #N/A | H16: 60 | I16: Strong | J16: 7b | K16: 7 | L16: {=INDEX('School Rep'!$A$2:$A$21, MATCH(J16, 'School Rep'!$B$2:$B$21, 0))} -> Yesenia Lopez | M16: 3.1 | N16: 4248 W 47th St | Chicago, IL 60632 | O16: =LEFT(N16, FIND("|", N16) - 1) -> 4248 W 47th St | P16: 14 | Q16: Gutierrez, Jeylu B.
A17: 609772 | B17: ADDAMS | C17: Jane Addams Elementary School | D17: 0.032 | E17: District | F17: Network 13 | G17: Dr. Terrycita D. Perry | H17: 55 | I17: Neutral | J17: 10b | K17: 10 | L17: {=INDEX('School Rep'!$A$2:$A$21, MATCH(J17, 'School Rep'!$B$2:$B$21, 0))} -> Olga Bautista | M17: 2.8 | N17: 10810 S Avenue H | Chicago, IL 60617 | O17: =LEFT(N17, FIND("|", N17) - 1) -> 10810 S Avenue H | P17: 10 | Q17: Chico, Peter
A18: 400060 | B18: AHS - PASSAGES | C18: Asian Human Services - Passages Charter School | D18: 0.183 | E18: Charter | F18: Charter | G18: #N/A | H18: 29 | I18: Weak | J18: 2b | K18: 2 | L18: {=INDEX('School Rep'!$A$2:$A$21, MATCH(J18, 'School Rep'!$B$2:$B$21, 0))} -> Debby Pope | M18: 2.6 | N18: 1643 W Bryn Mawr Ave | Chicago, IL 60660 | O18: =LEFT(N18, FIND("|", N18) - 1) -> 1643 W Bryn Mawr Ave | P18: 40 | Q18: Vasquez, Jr., Andre
A19: 610513 | B19: AIR FORCE HS | C19: Air Force Academy High School | D19: 0 | E19: District | F19: Network 16 | G19: Devon LaRosa | H19: 39 | I19: Weak | J19: 8b | K19: 8 | L19: {=INDEX('School Rep'!$A$2:$A$21, MATCH(J19, 'School Rep'!$B$2:$B$21, 0))} -> Cydney Wallace | M19: 3.2 | N19: 3630 S Wells St | Chicago, IL 60609 | O19: =LEFT(N19, FIND("|", N19) - 1) -> 3630 S Wells St | P19: 11 | Q19: Lee, Nicole T.
A20: 610212 | B20: ALBANY PARK | C20: Albany Park Multicultural Academy | D20: 0.087 | E20: District | F20: Network 1 | G20: Julie McGlade | H20: 71 | I20: Strong | J20: 2b | K20: 2 | L20: {=INDEX('School Rep'!$A$2:$A$21, MATCH(J20, 'School Rep'!$B$2:$B$21, 0))} -> Debby Pope | M20: 2.4 | N20: 4929 N Sawyer Ave | Chicago, IL 60625 | O20: =LEFT(N20, FIND("|", N20) - 1) -> 4929 N Sawyer Ave | P20: 33 | Q20: Rodriguez Sanchez, Rossana
A21: 609774 | B21: ALCOTT ES | C21: Louisa May Alcott College Preparatory ES | D21: 0.045 | E21: District | F21: Network 4 | G21: Jerry Travlos | H21: 58 | I21: Neutral | J21: 4b | K21: 4 | L21: {=INDEX('School Rep'!$A$2:$A$21, MATCH(J21, 'School Rep'!$B$2:$B$21, 0))} -> Ellen Rosenfeld | M21: 1.8 | N21: 2625 N Orchard St | Chicago, IL 60614 | O21: =LEFT(N21, FIND("|", N21) - 1) -> 2625 N Orchard St | P21: 43 | Q21: Knudsen, Timothy R.
A22: 610524 | B22: ALCOTT HS | C22: Louisa May Alcott College Preparatory HS | D22: 0.078 | E22: District | F22: Network 15 | G22: Michael Boraz | H22: 51 | I22: Neutral | J22: 4b | K22: 4 | L22: {=INDEX('School Rep'!$A$2:$A$21, MATCH(J22, 'School Rep'!$B$2:$B$21, 0))} -> Ellen Rosenfeld | M22: 2.4 | N22: 2957 N Hoyne Ave | Chicago, IL 60618 | O22: =LEFT(N22, FIND("|", N22) - 1) -> 2957 N Hoyne Ave | P22: 32 | Q22: Waguespack, Scott
A23: 609848 | B23: ALDRIDGE | C23: Ira F Aldridge Elementary School | D23: 0.179 | E23: District | F23: Network 13 | G23: Dr. Terrycita D. Perry | H23: 46 | I23: Neutral | J23: 10b | K23: 10 | L23: {=INDEX('School Rep'!$A$2:$A$21, MATCH(J23, 'School Rep'!$B$2:$B$21, 0))} -> Olga Bautista | M23: 3.2 | N23: 630 E 131st St | Chicago, IL 60827 | O23: =LEFT(N23, FIND("|", N23) - 1) -> 630 E 131st St | P23: 10 | Q23: Chico, Peter
A24: 609695 | B24: AMUNDSEN HS | C24: Roald Amundsen High School | D24: 0.064 | E24: District | F24: Network 14 | G24: Dr. Laura LeMone | H24: 56 | I24: Neutral | J24: 2b | K24: 2 | L24: {=INDEX('School Rep'!$A$2:$A$21, MATCH(J24, 'School Rep'!$B$2:$B$21, 0))} -> Debby Pope | M24: 1.4 | N24: 5110 N Damen Ave | Chicago, IL 60625 | O24: =LEFT(N24, FIND("|", N24) - 1) -> 5110 N Damen Ave | P24: 40 | Q24: Vasquez, Jr., Andre
A25: 609951 | B25: ARIEL | C25: Ariel Elementary Community Academy | D25: 0.07 | E25: District | F25: Network 9 | G25: Alene Mason | H25: 62 | I25: Strong | J25: 10a | K25: 10 | L25: {=INDEX('School Rep'!$A$2:$A$21, MATCH(J25, 'School Rep'!$B$2:$B$21, 0))} -> Che "Rhymefest" Smith | M25: 3.3 | N25: 1119 E 46th St | Chicago, IL 60653 | O25: =LEFT(N25, FIND("|", N25) - 1) -> 1119 E 46th St | P25: 4 | Q25: Robinson, Lamont J.
A26: 609777 | B26: ARMOUR | C26: Phillip D Armour Elementary School | D26: 0.078 | E26: District | F26: ISP | G26: #N/A | H26: 66 | I26: Strong | J26: 7b | K26: 7 | L26: {=INDEX('School Rep'!$A$2:$A$21, MATCH(J26, 'School Rep'!$B$2:$B$21, 0))} -> Yesenia Lopez | M26: 2.4 | N26: 950 W 33rd Pl | Chicago, IL 60608 | O26: =LEFT(N26, FIND("|", N26) - 1) -> 950 W 33rd Pl | P26: 11 | Q26: Lee, Nicole T.
A27: 609779 | B27: ARMSTRONG G | C27: George Armstrong International Studies ES | D27: 0.16 | E27: District | F27: ISP | G27: #N/A | H27: 67 | I27: Strong | J27: 2a | K27: 2 | L27: {=INDEX('School Rep'!$A$2:$A$21, MATCH(J27, 'School Rep'!$B$2:$B$21, 0))} -> Ebony DeBerry | M27: 2.8 | N27: 2110 W Greenleaf Ave | Chicago, IL 60645 | O27: =LEFT(N27, FIND("|", N27) - 1) -> 2110 W Greenleaf Ave | P27: 50 | Q27: Silverstein, Debra L.
A28: 400181 | B28: ART IN MOTION | C28: Art in Motion Charter School | D28: 0.141 | E28: Charter | F28: Charter | G28: #N/A | H28: 44 | I28: Neutral | J28: 10a | K28: 10 | L28: {=INDEX('School Rep'!$A$2:$A$21, MATCH(J28, 'School Rep'!$B$2:$B$21, 0))} -> Che "Rhymefest" Smith | M28: 3.5 | N28: 7415 S East End | Chicago, IL 60649 | O28: =LEFT(N28, FIND("|", N28) - 1) -> 7415 S East End | P28: 8 | Q28: Harris, Michelle A.
A29: 610287 | B29: ASHBURN | C29: Ashburn Community Elementary School | D29: 0.055 | E29: District | F29: Network 10 | G29: Mira Weber | H29: 51 | I29: Neutral | J29: 8a | K29: 8 | L29: {=INDEX('School Rep'!$A$2:$A$21, MATCH(J29, 'School Rep'!$B$2:$B$21, 0))} -> Angel Gutierrez | M29: 3.2 | N29: 8300 S St Louis Ave | Chicago, IL 60652 | O29: =LEFT(N29, FIND("|", N29) - 1) -> 8300 S St Louis Ave | P29: 18 | Q29: Curtis, Derrick G.
A30: 610268 | B30: ASHE | C30: Arthur R Ashe Elementary School | D30: 0.27 | E30: District | F30: Network 12 | G30: Shenethe Parks | H30: 57 | I30: Neutral | J30: 10b | K30: 10 | L30: {=INDEX('School Rep'!$A$2:$A$21, MATCH(J30, 'School Rep'!$B$2:$B$21, 0))} -> Olga Bautista | M30: 2.9 | N30: 8505 S Ingleside Ave | Chicago, IL 60619 | O30: =LEFT(N30, FIND("|", N30) - 1) -> 8505 S Ingleside Ave | P30: 8 | Q30: Harris, Michelle A.
A31: 400172 | B31: ASPIRA - BUSINESS & FINANCE HS | C31: ASPIRA Business and Finance | D31: 0.13 | E31: Charter | F31: Charter | G31: #N/A | H31: 20 | I31: Weak | J31: 3a | K31: 3 | L31: {=INDEX('School Rep'!$A$2:$A$21, MATCH(J31, 'School Rep'!$B$2:$B$21, 0))} -> Norma Rios-Sierra | M31: 3.2 | N31: 2989 N Milwaukee Ave | Chicago, IL 60618 | O31: =LEFT(N31, FIND("|", N31) - 1) -> 2989 N Milwaukee Ave | P31: 35 | Q31: Ramirez-Rosa, Carlos
A32: 400013 | B32: ASPIRA - EARLY COLLEGE HS | C32: ASPIRA Charter School - Early College High School | D32: 0.229 | E32: Charter | F32: Charter | G32: #N/A | H32: 69 | I32: Strong | J32: 3a | K32: 3 | L32: {=INDEX('School Rep'!$A$2:$A$21, MATCH(J32, 'School Rep'!$B$2:$B$21, 0))} -> Norma Rios-Sierra | M32: 3.3 | N32: 3986 W Barry Ave | Chicago, IL 60618 | O32: =LEFT(N32, FIND("|", N32) - 1) -> 3986 W Barry Ave | P32: 31 | Q32: Cardona, Jr., Felix
A33: 400017 | B33: ASPIRA - HAUGAN | C33: ASPIRA Charter School - Haugan Middle School | D33: 0.186 | E33: Charter | F33: Charter | G33: #N/A | H33: 43 | I33: Neutral | J33: 3a | K33: 3 | L33: {=INDEX('School Rep'!$A$2:$A$21, MATCH(J33, 'School Rep'!$B$2:$B$21, 0))} -> Norma Rios-Sierra | M33: 3.6 | N33: 3729 W Leland Ave | Chicago, IL 60625 | O33: =LEFT(N33, FIND("|", N33) - 1) -> 3729 W Leland Ave | P33: 33 | Q33: Rodriguez Sanchez, Rossana
A34: 609782 | B34: AUDUBON | C34: Audubon Elementary School | D34: 0.036 | E34: District | F34: Network 4 | G34: Jerry Travlos | H34: 69 | I34: Strong | J34: 4b | K34: 4 | L34: {=INDEX('School Rep'!$A$2:$A$21, MATCH(J34, 'School Rep'!$B$2:$B$21, 0))} -> Ellen Rosenfeld | M34: 1.5 | N34: 3500 N Hoyne Ave | Chicago, IL 60618 | O34: =LEFT(N34, FIND("|", N34) - 1) -> 3500 N Hoyne Ave | P34: 32 | Q34: Waguespack, Scott
A35: 610518 | B35: AUSTIN CCA HS | C35: Austin College and Career Academy High School | D35: 0.441 | E35: District | F35: Network 15 | G35: Michael Boraz | H35: 57 | I35: Neutral | J35: 5a | K35: 5 | L35: {=INDEX('School Rep'!$A$2:$A$21, MATCH(J35, 'School Rep'!$B$2:$B$21, 0))} -> Aaron "Jitu" Brown | M35: 3.7 | N35: 231 N Pine Ave | Chicago, IL 60644 | O35: =LEFT(N35, FIND("|", N35) - 1) -> 231 N Pine Ave | P35: 37 | Q35: Mitts, Emma
A36: 609786 | B36: AVALON PARK | C36: Avalon Park Elementary School | D36: 0.284 | E36: District | F36: Network 12 | G36: Shenethe Parks | H36: 63 | I36: Strong | J36: 10b | K36: 10 | L36: {=INDEX('School Rep'!$A$2:$A$21, MATCH(J36, 'School Rep'!$B$2:$B$21, 0))} -> Olga Bautista | M36: 2.8 | N36: 8045 S Kenwood Ave | Chicago, IL 60619 | O36: =LEFT(N36, FIND("|", N36) - 1) -> 8045 S Kenwood Ave | P36: 8 | Q36: Harris, Michelle A.
A37: 610325 | B37: AVONDALE-LOGANDALE | C37: Avondale-Logandale Elementary School | D37: 0.106 | E37: District | F37: Network 4 | G37: Jerry Travlos | H37: 41 | I37: Neutral | J37: 3a | K37: 3 | L37: {=INDEX('School Rep'!$A$2:$A$21, MATCH(J37, 'School Rep'!$B$2:$B$21, 0))} -> Norma Rios-Sierra | M37: 2.9 | N37: 3212 W George St | Chicago, IL 60618 | O37: =LEFT(N37, FIND("|", N37) - 1) -> 3212 W George St | P37: 35 | Q37: Ramirez-Rosa, Carlos
A38: 610544 | B38: AZUELA | C38: Mariano Azuela Elementary School | D38: 0.07 | E38: District | F38: Network 10 | G38: Mira Weber | H38: 47 | I38: Neutral | J38: 8a | K38: 8 | L38: {=INDEX('School Rep'!$A$2:$A$21, MATCH(J38, 'School Rep'!$B$2:$B$21, 0))} -> Angel Gutierrez | M38: 3.3 | N38: 4707 W Marquette Rd | Chicago, IL 60629 | O38: =LEFT(N38, FIND("|", N38) - 1) -> 4707 W Marquette Rd | P38: 23 | Q38: Tabares, Silvana
A39: 610563 | B39: BACK OF THE YARDS HS | C39: Back of the Yards IB High School | D39: 0.045 | E39: District | F39: ISP | G39: #N/A | H39: 38 | I39: Weak | J39: 8b | K39: 8 | L39: {=INDEX('School Rep'!$A$2:$A$21, MATCH(J39, 'School Rep'!$B$2:$B$21, 0))} -> Cydney Wallace | M39: 3.5 | N39: 2111 W 47th St | Chicago, IL 60609 | O39: =LEFT(N39, FIND("|", N39) - 1) -> 2111 W 47th St | P39: 12 | Q39: Ramirez, Julia M.
A40: 609788 | B40: BARNARD | C40: Alice L Barnard Computer Math & Science Ctr ES | D40: 0.092 | E40: District | F40: Network 10 | G40: Mira Weber | H40: 39 | I40: Weak | J40: 9b | K40: 9 | L40: {=INDEX('School Rep'!$A$2:$A$21, MATCH(J40, 'School Rep'!$B$2:$B$21, 0))} -> Therese Boyle | M40: 3 | N40: 10354 S Charles St | Chicago, IL 60643 | O40: =LEFT(N40, FIND("|", N40) - 1) -> 10354 S Charles St | P40: 19 | Q40: O'Shea, Matthew J.
A41: 609789 | B41: BARRY | C41: John Barry Elementary School | D41: 0.097 | E41: District | F41: Network 4 | G41: Jerry Travlos | H41: 43 | I41: Neutral | J41: 3a | K41: 3 | L41: {=INDEX('School Rep'!$A$2:$A$21, MATCH(J41, 'School Rep'!$B$2:$B$21, 0))} -> Norma Rios-Sierra | M41: 3.1 | N41: 2828 N Kilbourn Ave | Chicago, IL 60641 | O41: =LEFT(N41, FIND("|", N41) - 1) -> 2828 N Kilbourn Ave | P41: 31 | Q41: Cardona, Jr., Felix
A42: 609790 | B42: BARTON | C42: Clara Barton Elementary School | D42: 0.164 | E42: District | F42: Network 11 | G42: Latasha Geverola | H42: 46 | I42: Neutral | J42: 9a | K42: 9 | L42: {=INDEX('School Rep'!$A$2:$A$21, MATCH(J42, 'School Rep'!$B$2:$B$21, 0))} -> Frank Niles Thomas | M42: 3.4 | N42: 7650 S Wolcott Ave | Chicago, IL 60620 | O42: =LEFT(N42, FIND("|", N42) - 1) -> 7650 S Wolcott Ave | P42: 17 | Q42: Moore, David H.
A43: 609791 | B43: BASS | C43: Perkins Bass Elementary School | D43: 0.17 | E43: District | F43: Network 11 | G43: Latasha Geverola | H43: 49 | I43: Neutral | J43: 9a | K43: 9 | L43: {=INDEX('School Rep'!$A$2:$A$21, MATCH(J43, 'School Rep'!$B$2:$B$21, 0))} -> Frank Niles Thomas | M43: 4.2 | N43: 1140 W 66th St | Chicago, IL 60621 | O43: =LEFT(N43, FIND("|", N43) - 1) -> 1140 W 66th St | P43: 16 | Q43: Coleman, Stephanie D.
A44: 609792 | B44: BATEMAN | C44: Newton Bateman Elementary School | D44: 0.072 | E44: District | F44: Network 1 | G44: Julie McGlade | H44: 67 | I44: Strong | J44: 2b | K44: 2 | L44: {=INDEX('School Rep'!$A$2:$A$21, MATCH(J44, 'School Rep'!$B$2:$B$21, 0))} -> Debby Pope | M44: 2.3 | N44: 4220 N Richmond St | Chicago, IL 60618 | O44: =LEFT(N44, FIND("|", N44) - 1) -> 4220 N Richmond St | P44: 33 | Q44: Rodriguez Sanchez, Rossana
A45: 610083 | B45: BEARD | C45: Daniel C Beard Elementary School | D45: 0.133 | E45: District | F45: Network 1 | G45: Julie McGlade | J45: 1a | K45: 1 | L45: {=INDEX('School Rep'!$A$2:$A$21, MATCH(J45, 'School Rep'!$B$2:$B$21, 0))} -> Ed Bannon | M45: 2.2 | N45: 6445 W Strong St | Chicago, IL 60656 | O45: =LEFT(N45, FIND("|", N45) - 1) -> 6445 W Strong St | P45: 41 | Q45: Napolitano, Anthony V.
A46: 610246 | B46: BEASLEY | C46: Edward Beasley Elementary Magnet Academic Center | D46: 0.043 | E46: District | F46: Network 9 | G46: Alene Mason | H46: 58 | I46: Neutral | J46: 6b | K46: 6 | L46: {=INDEX('School Rep'!$A$2:$A$21, MATCH(J46, 'School Rep'!$B$2:$B$21, 0))} -> Jessica Biggs | M46: 3.1 | N46: 5255 S State St | Chicago, IL 60609 | O46: =LEFT(N46, FIND("|", N46) - 1) -> 5255 S State St | P46: 3 | Q46: Dowell, Pat
A47: 609796 | B47: BEAUBIEN | C47: Jean Baptiste Beaubien Elementary School | D47: 0.052 | E47: District | F47: Network 1 | G47: Julie McGlade | H47: 56 | I47: Neutral | J47: 1a | K47: 1 | L47: {=INDEX('School Rep'!$A$2:$A$21, MATCH(J47, 'School Rep'!$B$2:$B$21, 0))} -> Ed Bannon | M47: 2 | N47: 5025 N Laramie Ave | Chicago, IL 60630 | O47: =LEFT(N47, FIND("|", N47) - 1) -> 5025 N Laramie Ave | P47: 45 | Q47: Gardiner, James M.
A48: 610237 | B48: BEETHOVEN | C48: Ludwig Van Beethoven Elementary School | D48: 0.277 | E48: District | F48: Network 9 | G48: Alene Mason | H48: 39 | I48: Weak | J48: 6b | K48: 6 | L48: {=INDEX('School Rep'!$A$2:$A$21, MATCH(J48, 'School Rep'!$B$2:$B$21, 0))} -> Jessica Biggs | M48: 3.2 | N48: 25 W 47th St | Chicago, IL 60609 | O48: =LEFT(N48, FIND("|", N48) - 1) -> 25 W 47th St | P48: 3 | Q48: Dowell, Pat
A49: 609797 | B49: BEIDLER | C49: Jacob Beidler Elementary School | D49: 0.154 | E49: District | F49: Network 5 | G49: Shontae Higginbottom | H49: 51 | I49: Neutral | J49: 5b | K49: 5 | L49: {=INDEX('School Rep'!$A$2:$A$21, MATCH(J49, 'School Rep'!$B$2:$B$21, 0))} -> Michilla Blaise | M49: 2.8 | N49: 3151 W Walnut St | Chicago, IL 60612 | O49: =LEFT(N49, FIND("|", N49) - 1) -> 3151 W Walnut St | P49: 27 | Q49: Burnett, Jr., Walter
A50: 609798 | B50: BELDING | C50: Hiram H Belding Elementary School | D50: 0.072 | E50: District | F50: Network 1 | G50: Julie McGlade | H50: 77 | I50: Strong | J50: 1b | K50: 1 | L50: {=INDEX('School Rep'!$A$2:$A$21, MATCH(J50, 'School Rep'!$B$2:$B$21, 0))} -> Jennifer Custer | M50: 2.2 | N50: 4257 N Tripp Ave | Chicago, IL 60641 | O50: =LEFT(N50, FIND("|", N50) - 1) -> 4257 N Tripp Ave | P50: 39 | Q50: Nugent, Samantha
A51: 609799 | B51: BELL | C51: Alexander Graham Bell Elementary School | D51: 0.017 | E51: District | F51: Network 4 | G51: Jerry Travlos | H51: 41 | I51: Neutral | J51: 4b | K51: 4 | L51: {=INDEX('School Rep'!$A$2:$A$21, MATCH(J51, 'School Rep'!$B$2:$B$21, 0))} -> Ellen Rosenfeld | M51: 1.3 | N51: 3730 N Oakley Ave | Chicago, IL 60618 | O51: =LEFT(N51, FIND("|", N51) - 1) -> 3730 N Oakley Ave | P51: 47 | Q51: Martin, Matthew J.
A52: 609922 | B52: BELMONT-CRAGIN | C52: Belmont-Cragin Elementary School | D52: 0.082 | E52: District | F52: Network 3 | G52: Jennifer Farrell‐Rottman | H52: 55 | I52: Neutral | J52: 3b | K52: 3 | L52: {=INDEX('School Rep'!$A$2:$A$21, MATCH(J52, 'School Rep'!$B$2:$B$21, 0))} -> Carlos Rivas | M52: 3.3 | N52: 5252 W Palmer St | Chicago, IL 60639 | O52: =LEFT(N52, FIND("|", N52) - 1) -> 5252 W Palmer St | P52: 36 | Q52: Villegas, Gilbert
A53: 609800 | B53: BENNETT | C53: Frank I Bennett Elementary School | D53: 0.144 | E53: District | F53: Network 13 | G53: Dr. Terrycita D. Perry | H53: 51 | I53: Neutral | J53: 9b | K53: 9 | L53: {=INDEX('School Rep'!$A$2:$A$21, MATCH(J53, 'School Rep'!$B$2:$B$21, 0))} -> Therese Boyle | M53: 2.8 | N53: 10115 S Prairie Ave | Chicago, IL 60628 | O53: =LEFT(N53, FIND("|", N53) - 1) -> 10115 S Prairie Ave | P53: 9 | Q53: Beale, Anthony
A54: 610350 | B54: BLACK | C54: Robert A Black Magnet Elementary School | D54: 0.028 | E54: District | F54: Network 12 | G54: Shenethe Parks | H54: 62 | I54: Strong | J54: 10b | K54: 10 | L54: {=INDEX('School Rep'!$A$2:$A$21, MATCH(J54, 'School Rep'!$B$2:$B$21, 0))} -> Olga Bautista | M54: 2.7 | N54: 9101 S Euclid Ave | Chicago, IL 60617 | O54: =LEFT(N54, FIND("|", N54) - 1) -> 9101 S Euclid Ave | P54: 8 | Q54: Harris, Michelle A.
A55: 609803 | B55: BLAINE | C55: James G Blaine Elementary School | D55: 0.041 | E55: District | F55: Network 4 | G55: Jerry Travlos | H55: 56 | I55: Neutral | J55: 4a | K55: 4 | L55: {=INDEX('School Rep'!$A$2:$A$21, MATCH(J55, 'School Rep'!$B$2:$B$21, 0))} -> Karen Zaccor | M55: 1.8 | N55: 1420 W Grace St | Chicago, IL 60613 | O55: =LEFT(N55, FIND("|", N55) - 1) -> 1420 W Grace St | P55: 46 | Q55: Clay, Angela
A56: 610087 | B56: BLAIR | C56: Blair Early Childhood Center | D56: 0 | E56: District | F56: Network 10 | G56: Mira Weber | H56: 89 | I56: Very Strong | J56: 8a | K56: 8 | L56: {=INDEX('School Rep'!$A$2:$A$21, MATCH(J56, 'School Rep'!$B$2:$B$21, 0))} -> Angel Gutierrez | M56: 2.2 | N56: 6751 W 63rd Pl | Chicago, IL 60638 | O56: =LEFT(N56, FIND("|", N56) - 1) -> 6751 W 63rd Pl | P56: 13 | Q56: Quinn, Marty
A57: 609698 | B57: BOGAN HS | C57: William J Bogan High School | D57: 0.184 | E57: District | F57: Network 16 | G57: Devon LaRosa | H57: 54 | I57: Neutral | J57: 8a | K57: 8 | L57: {=INDEX('School Rep'!$A$2:$A$21, MATCH(J57, 'School Rep'!$B$2:$B$21, 0))} -> Angel Gutierrez | M57: 3.2 | N57: 3939 W 79th St | Chicago, IL 60652 | O57: =LEFT(N57, FIND("|", N57) - 1) -> 3939 W 79th St | P57: 18 | Q57: Curtis, Derrick G.
... A68: 610381 | B68: BRONZEVILLE HS | C68: Bronzeville Scholastic Academy High School | D68: 0.137 | E68: District | F68: Network 17 | G68: Myron Hester | H68: 49 | I68: Neutral | J68: 6b | K68: 6 | L68: {=INDEX('School Rep'!$A$2:$A$21, MATCH(J68, 'School Rep'!$B$2:$B$21, 0))} -> Jessica Biggs | M68: 3.8 | N68: 4934 S Wabash Ave | Chicago, IL 60615 | O68: =LEFT(N68, FIND("|", N68) - 1) -> 4934 S Wabash Ave | P68: 3 | Q68: Dowell, Pat
A69: 609726 | B69: BROOKS HS | C69: Gwendolyn Brooks College Preparatory Academy HS | D69: 0.034 | E69: District | F69: ISP | G69: #N/A | H69: 55 | I69: Neutral | J69: 9b | K69: 9 | L69: {=INDEX('School Rep'!$A$2:$A$21, MATCH(J69, 'School Rep'!$B$2:$B$21, 0))} -> Therese Boyle | M69: 2.2 | N69: 250 E 111th St | Chicago, IL 60628 | O69: =LEFT(N69, FIND("|", N69) - 1) -> 250 E 111th St | P69: 9 | Q69: Beale, Anthony
A70: 610091 | B70: BROWN R | C70: Ronald Brown Elementary Community Academy | D70: 0.11 | E70: District | F70: Network 13 | G70: Dr. Terrycita D. Perry | H70: 56 | I70: Neutral | J70: 9b | K70: 9 | L70: {=INDEX('School Rep'!$A$2:$A$21, MATCH(J70, 'School Rep'!$B$2:$B$21, 0))} -> Therese Boyle | M70: 3.7 | N70: 12607 S Union Ave | Chicago, IL 60628 | O70: =LEFT(N70, FIND("|", N70) - 1) -> 12607 S Union Ave | P70: 9 | Q70: Beale, Anthony
A71: 609812 | B71: BROWN W | C71: William H Brown STEM Magnet Elementary School | D71: 0.103 | E71: District | F71: Network 6 | G71: Dr. Ethan Netterstrom | H71: 47 | I71: Neutral | J71: 5b | K71: 5 | L71: {=INDEX('School Rep'!$A$2:$A$21, MATCH(J71, 'School Rep'!$B$2:$B$21, 0))} -> Michilla Blaise | M71: 3.3 | N71: 54 N Hermitage Ave | Chicago, IL 60612 | O71: =LEFT(N71, FIND("|", N71) - 1) -> 54 N Hermitage Ave | P71: 27 | Q71: Burnett, Jr., Walter
A72: 609813 | B72: BROWNELL | C72: Charles S Brownell Elementary School | D72: 0.288 | E72: District | F72: Network 12 | G72: Shenethe Parks | H72: 22 | I72: Weak | J72: 6b | K72: 6 | L72: {=INDEX('School Rep'!$A$2:$A$21, MATCH(J72, 'School Rep'!$B$2:$B$21, 0))} -> Jessica Biggs | M72: 3.3 | N72: 6741 S Michigan Ave | Chicago, IL 60637 | O72: =LEFT(N72, FIND("|", N72) - 1) -> 6741 S Michigan Ave | P72: 6 | Q72: Hall, William E.
A73: 609830 | B73: BRUNSON | C73: Milton Brunson Math & Science Specialty ES | D73: 0.203 | E73: District | F73: Network 3 | G73: Jennifer Farrell‐Rottman | H73: 59 | I73: Neutral | J73: 5a | K73: 5 | L73: {=INDEX('School Rep'!$A$2:$A$21, MATCH(J73, 'School Rep'!$B$2:$B$21, 0))} -> Aaron "Jitu" Brown | M73: 3.4 | N73: 932 N Central Ave | Chicago, IL 60651 | O73: =LEFT(N73, FIND("|", N73) - 1) -> 932 N Central Ave | P73: 29 | Q73: Taliaferro, Chris
A74: 609817 | B74: BUDLONG | C74: Lyman A Budlong Elementary School | D74: 0.082 | E74: District | F74: ISP | G74: #N/A | H74: 47 | I74: Neutral | J74: 2b | K74: 2 | L74: {=INDEX('School Rep'!$A$2:$A$21, MATCH(J74, 'School Rep'!$B$2:$B$21, 0))} -> Debby Pope | M74: 1.8 | N74: 2701 W Foster Ave | Chicago, IL 60625 | O74: =LEFT(N74, FIND("|", N74) - 1) -> 2701 W Foster Ave | P74: 40 | Q74: Vasquez, Jr., Andre
A75: 609818 | B75: BURBANK | C75: Luther Burbank Elementary School | D75: 0.108 | E75: District | F75: Network 3 | G75: Jennifer Farrell‐Rottman | H75: 63 | I75: Strong | J75: 5a | K75: 5 | L75: {=INDEX('School Rep'!$A$2:$A$21, MATCH(J75, 'School Rep'!$B$2:$B$21, 0))} -> Aaron "Jitu" Brown | M75: 3.6 | N75: 2035 N Mobile Ave | Chicago, IL 60639 | O75: =LEFT(N75, FIND("|", N75) - 1) -> 2035 N Mobile Ave | P75: 29 | Q75: Taliaferro, Chris
A76: 609819 | B76: BURKE | C76: Edmond Burke Elementary School | D76: 0.308 | E76: District | F76: Network 9 | G76: Alene Mason | H76: 58 | I76: Neutral | J76: 6b | K76: 6 | L76: {=INDEX('School Rep'!$A$2:$A$21, MATCH(J76, 'School Rep'!$B$2:$B$21, 0))} -> Jessica Biggs | M76: 3.5 | N76: 5356 S King Dr | Chicago, IL 60615 | O76: =LEFT(N76, FIND("|", N76) - 1) -> 5356 S King Dr | P76: 3 | Q76: Dowell, Pat
A77: 609820 | B77: BURLEY | C77: Augustus H Burley Elementary School | D77: 0.026 | E77: District | F77: Network 4 | G77: Jerry Travlos | H77: 56 | I77: Neutral | J77: 4b | K77: 4 | L77: {=INDEX('School Rep'!$A$2:$A$21, MATCH(J77, 'School Rep'!$B$2:$B$21, 0))} -> Ellen Rosenfeld | M77: 1.5 | N77: 1630 W Barry Ave | Chicago, IL 60657 | O77: =LEFT(N77, FIND("|", N77) - 1) -> 1630 W Barry Ave | P77: 32 | Q77: Waguespack, Scott
A78: 609821 | B78: BURNHAM | C78: Burnham Elementary Inclusive Academy | D78: 0.242 | E78: District | F78: Network 13 | G78: Dr. Terrycita D. Perry | H78: 34 | I78: Weak | J78: 10b | K78: 10 | L78: {=INDEX('School Rep'!$A$2:$A$21, MATCH(J78, 'School Rep'!$B$2:$B$21, 0))} -> Olga Bautista | M78: 3.3 | N78: 9928 S Crandon Ave | Chicago, IL 60617 | O78: =LEFT(N78, FIND("|", N78) - 1) -> 9928 S Crandon Ave | P78: 7 | Q78: Mitchell, Gregory I.
A79: 609827 | B79: BURNSIDE | C79: Burnside Elementary Scholastic Academy | D79: 0.052 | E79: District | F79: Network 12 | G79: Shenethe Parks | H79: 72 | I79: Strong | J79: 10b | K79: 10 | L79: {=INDEX('School Rep'!$A$2:$A$21, MATCH(J79, 'School Rep'!$B$2:$B$21, 0))} -> Olga Bautista | M79: 2.9 | N79: 650 E 91st Pl | Chicago, IL 60619 | O79: =LEFT(N79, FIND("|", N79) - 1) -> 650 E 91st Pl | P79: 8 | Q79: Harris, Michelle A.
A80: 609828 | B80: BURR | C80: Jonathan Burr Elementary School | D80: 0 | E80: District | F80: Network 6 | G80: Dr. Ethan Netterstrom | H80: 77 | I80: Strong | J80: 4b | K80: 4 | L80: {=INDEX('School Rep'!$A$2:$A$21, MATCH(J80, 'School Rep'!$B$2:$B$21, 0))} -> Ellen Rosenfeld | M80: 2.1 | N80: 1621 W Wabansia Ave | Chicago, IL 60622 | O80: =LEFT(N80, FIND("|", N80) - 1) -> 1621 W Wabansia Ave | P80: 32 | Q80: Waguespack, Scott
A81: 609829 | B81: BURROUGHS | C81: John C Burroughs Elementary School | D81: 0.102 | E81: District | F81: Network 8 | G81: Gilberto Piedrahita | H81: 59 | I81: Neutral | J81: 8b | K81: 8 | L81: {=INDEX('School Rep'!$A$2:$A$21, MATCH(J81, 'School Rep'!$B$2:$B$21, 0))} -> Cydney Wallace | M81: 3.7 | N81: 3542 S Washtenaw Ave | Chicago, IL 60632 | O81: =LEFT(N81, FIND("|", N81) - 1) -> 3542 S Washtenaw Ave | P81: 12 | Q81: Ramirez, Julia M.
A82: 609832 | B82: BYRNE | C82: Michael M Byrne Elementary School | D82: 0.051 | E82: District | F82: Network 10 | G82: Mira Weber | H82: 37 | I82: Weak | J82: 8a | K82: 8 | L82: {=INDEX('School Rep'!$A$2:$A$21, MATCH(J82, 'School Rep'!$B$2:$B$21, 0))} -> Angel Gutierrez | M82: 2.1 | N82: 5329 S Oak Park Ave | Chicago, IL 60638 | O82: =LEFT(N82, FIND("|", N82) - 1) -> 5329 S Oak Park Ave | P82: 23 | Q82: Tabares, Silvana
A83: 610353 | B83: CALMECA | C83: Calmeca Academy of Fine Arts and Dual Language | D83: 0.043 | E83: District | F83: Network 8 | G83: Gilberto Piedrahita | H83: 65 | I83: Strong | J83: 7b | K83: 7 | L83: {=INDEX('School Rep'!$A$2:$A$21, MATCH(J83, 'School Rep'!$B$2:$B$21, 0))} -> Yesenia Lopez | M83: 3.4 | N83: 3456 W 38th St | Chicago, IL 60632 | O83: =LEFT(N83, FIND("|", N83) - 1) -> 3456 W 38th St | P83: 12 | Q83: Ramirez, Julia M.
A84: 609835 | B84: CAMERON | C84: Daniel R Cameron Elementary School | D84: 0.19 | E84: District | F84: Network 5 | G84: Shontae Higginbottom | H84: 31 | I84: Weak | J84: 3b | K84: 3 | L84: {=INDEX('School Rep'!$A$2:$A$21, MATCH(J84, 'School Rep'!$B$2:$B$21, 0))} -> Carlos Rivas | M84: 3.7 | N84: 1234 N Monticello Ave | Chicago, IL 60651 | O84: =LEFT(N84, FIND("|", N84) - 1) -> 1234 N Monticello Ave | P84: 36 | Q84: Villegas, Gilbert
A85: 610539 | B85: CAMRAS | C85: Marvin Camras Elementary School | D85: 0.088 | E85: District | F85: ISP | G85: #N/A | H85: 46 | I85: Neutral | J85: 1b | K85: 1 | L85: {=INDEX('School Rep'!$A$2:$A$21, MATCH(J85, 'School Rep'!$B$2:$B$21, 0))} -> Jennifer Custer | M85: 3.2 | N85: 3000 N Mango Ave | Chicago, IL 60634 | O85: =LEFT(N85, FIND("|", N85) - 1) -> 3000 N Mango Ave | P85: 30 | Q85: Cruz, Ruth
A86: 609836 | B86: CANTY | C86: Arthur E Canty Elementary School | D86: 0.073 | E86: District | F86: Network 1 | G86: Julie McGlade | H86: 47 | I86: Neutral | J86: 1a | K86: 1 | L86: {=INDEX('School Rep'!$A$2:$A$21, MATCH(J86, 'School Rep'!$B$2:$B$21, 0))} -> Ed Bannon | M86: 1.8 | N86: 3740 N Panama Ave | Chicago, IL 60634 | O86: =LEFT(N86, FIND("|", N86) - 1) -> 3740 N Panama Ave | P86: 38 | Q86: Sposato, Nicholas
A87: 610024 | B87: CARDENAS | C87: Lazaro Cardenas Elementary School | D87: 0.098 | E87: District | F87: ISP | G87: #N/A | H87: 64 | I87: Strong | J87: 7a | K87: 7 | L87: {=INDEX('School Rep'!$A$2:$A$21, MATCH(J87, 'School Rep'!$B$2:$B$21, 0))} -> Emma Lozano | M87: 3.1 | N87: 2345 S Millard Ave | Chicago, IL 60623 | O87: =LEFT(N87, FIND("|", N87) - 1) -> 2345 S Millard Ave | P87: 22 | Q87: Rodriguez, Michael D.
A88: 609837 | B88: CARNEGIE | C88: Andrew Carnegie School | D88: 0.056 | E88: District | F88: Network 9 | G88: Alene Mason | H88: 67 | I88: Strong | J88: 10a | K88: 10 | L88: {=INDEX('School Rep'!$A$2:$A$21, MATCH(J88, 'School Rep'!$B$2:$B$21, 0))} -> Che "Rhymefest" Smith | M88: 2.8 | N88: 1414 E 61st Pl | Chicago, IL 60637 | O88: =LEFT(N88, FIND("|", N88) - 1) -> 1414 E 61st Pl | P88: 5 | Q88: Yancy, Desmon C.
A89: 609839 | B89: CARROLL | C89: Carroll-Rosenwald Specialty Elementary School | D89: 0.139 | E89: District | F89: Network 10 | G89: Mira Weber | H89: 75 | I89: Strong | J89: 8a | K89: 8 | L89: {=INDEX('School Rep'!$A$2:$A$21, MATCH(J89, 'School Rep'!$B$2:$B$21, 0))} -> Angel Gutierrez | M89: 2.7 | N89: 2929 W 83rd St | Chicago, IL 60652 | O89: =LEFT(N89, FIND("|", N89) - 1) -> 2929 W 83rd St | P89: 18 | Q89: Curtis, Derrick G.
A90: 609842 | B90: CARSON | C90: Rachel Carson Elementary School | D90: 0.089 | E90: District | F90: ISP | G90: #N/A | H90: 50 | I90: Neutral | J90: 8b | K90: 8 | L90: {=INDEX('School Rep'!$A$2:$A$21, MATCH(J90, 'School Rep'!$B$2:$B$21, 0))} -> Cydney Wallace | M90: 3.6 | N90: 5516 S Maplewood Ave | Chicago, IL 60629 | O90: =LEFT(N90, FIND("|", N90) - 1) -> 5516 S Maplewood Ave | P90: 15 | Q90: Lopez, Raymond A.
A91: 609844 | B91: CARTER | C91: William W Carter Elementary School | D91: 0.19 | E91: District | F91: Network 9 | G91: Alene Mason | H91: 51 | I91: Neutral | J91: 6b | K91: 6 | L91: {=INDEX('School Rep'!$A$2:$A$21, MATCH(J91, 'School Rep'!$B$2:$B$21, 0))} -> Jessica Biggs | M91: 3.2 | N91: 5740 S Michigan Ave | Chicago, IL 60637 | O91: =LEFT(N91, FIND("|", N91) - 1) -> 5740 S Michigan Ave | P91: 20 | Q91: Taylor, Jeanette B.
A92: 609845 | B92: CARVER G | C92: George Washington Carver Primary School | D92: 0.189 | E92: District | F92: Network 13 | G92: Dr. Terrycita D. Perry | H92: 72 | I92: Strong | J92: 10b | K92: 10 | L92: {=INDEX('School Rep'!$A$2:$A$21, MATCH(J92, 'School Rep'!$B$2:$B$21, 0))} -> Olga Bautista | M92: 3.7 | N92: 901 E 133rd Pl | Chicago, IL 60827 | O92: =LEFT(N92, FIND("|", N92) - 1) -> 901 E 133rd Pl | P92: 10 | Q92: Chico, Peter
A93: 609760 | B93: CARVER MILITARY HS | C93: George Washington Carver Military Academy HS | D93: 0.069 | E93: District | F93: Network 17 | G93: Myron Hester | H93: 39 | I93: Weak | J93: 10b | K93: 10 | L93: {=INDEX('School Rep'!$A$2:$A$21, MATCH(J93, 'School Rep'!$B$2:$B$21, 0))} -> Olga Bautista | M93: 3.2 | N93: 13100 S Doty Ave | Chicago, IL 60827 | O93: =LEFT(N93, FIND("|", N93) - 1) -> 13100 S Doty Ave | P93: 10 | Q93: Chico, Peter
A94: 610021 | B94: CASALS | C94: Pablo Casals Elementary School | D94: 0.237 | E94: District | F94: Network 5 | G94: Shontae Higginbottom | H94: 61 | I94: Strong | J94: 3b | K94: 3 | L94: {=INDEX('School Rep'!$A$2:$A$21, MATCH(J94, 'School Rep'!$B$2:$B$21, 0))} -> Carlos Rivas | M94: 3.6 | N94: 3501 W Potomac Ave | Chicago, IL 60651 | O94: =LEFT(N94, FIND("|", N94) - 1) -> 3501 W Potomac Ave | P94: 26 | Q94: Fuentes, Jessica L.
A95: 609849 | B95: CASSELL | C95: George F Cassell Elementary School | D95: 0.031 | E95: District | F95: ISP | G95: #N/A | H95: 84 | I95: Very Strong | J95: 9b | K95: 9 | L95: {=INDEX('School Rep'!$A$2:$A$21, MATCH(J95, 'School Rep'!$B$2:$B$21, 0))} -> Therese Boyle | M95: 2 | N95: 11314 S Spaulding Ave | Chicago, IL 60655 | O95: =LEFT(N95, FIND("|", N95) - 1) -> 11314 S Spaulding Ave | P95: 19 | Q95: O'Shea, Matthew J.
A96: 610599 | B96: CATALPA | C96: Catalpa Early Childhood Center | D96: 0 | E96: District | F96: Network 1 | G96: Julie McGlade | J96: Not Found | K96: Not Found | L96: Not Found | M96: 1.8 | N96: 5252 N Long Ave | Chicago, IL 60630 | O96: =LEFT(N96, FIND("|", N96) - 1) -> 5252 N Long Ave | P96: 45 | Q96: Gardiner, James M.
A97: 400021 | B97: CATALYST - CIRCLE ROCK | C97: Catalyst Elementary Charter School - Circle Rock | D97: 0.025 | E97: Charter | F97: Charter | G97: #N/A | H97: 64 | I97: Strong | J97: 5a | K97: 5 | L97: {=INDEX('School Rep'!$A$2:$A$21, MATCH(J97, 'School Rep'!$B$2:$B$21, 0))} -> Aaron "Jitu" Brown | M97: 3.5 | N97: 5608 W Washington Blvd | Chicago, IL 60644 | O97: =LEFT(N97, FIND("|", N97) - 1) -> 5608 W Washington Blvd | P97: 29 | Q97: Taliaferro, Chris
A98: 400115 | B98: CATALYST - MARIA | C98: Catalyst - Maria Charter School | D98: 0.053 | E98: Charter | F98: Charter | G98: #N/A | H98: 46 | I98: Neutral | J98: Not Found | K98: Not Found | L98: Not Found | M98: 3.1 | N98: 6727 S California Ave | Chicago, IL 60629 | O98: =LEFT(N98, FIND("|", N98) - 1) -> 6727 S California Ave | P98: 16 | Q98: Coleman, Stephanie D.
A99: 400182 | B99: CATALYST MARIA HS | G99: #N/A | H99: 46 | I99: Neutral | J99: Not Found | K99: Not Found | L99: Not Found | M99: 3 | N99: 6727 S California Ave | Chicago, IL 60629 | O99: =LEFT(N99, FIND("|", N99) - 1) -> 6727 S California Ave | P99: 16 | Q99: Coleman, Stephanie D.
A100: 610251 | B100: CATHER | C100: Willa Cather Elementary School | D100: 0.181 | E100: District | F100: Network 5 | G100: Shontae Higginbottom | H100: 54 | I100: Neutral | J100: 5b | K100: 5 | L100: {=INDEX('School Rep'!$A$2:$A$21, MATCH(J100, 'School Rep'!$B$2:$B$21, 0))} -> Michilla Blaise | M100: 3.6 | N100: 2908 W Washington Blvd | Chicago, IL 60612 | O100: =LEFT(N100, FIND("|", N100) - 1) -> 2908 W Washington Blvd | P100: 27 | Q100: Burnett, Jr., Walter
A101: 609851 | B101: CHALMERS | C101: Thomas Chalmers STEAM Elementary School | D101: 0.176 | E101: District | F101: Network 5 | G101: Shontae Higginbottom | H101: 28 | I101: Weak | J101: 5b | K101: 5 | L101: {=INDEX('School Rep'!$A$2:$A$21, MATCH(J101, 'School Rep'!$B$2:$B$21, 0))} -> Michilla Blaise | M101: 3.8 | N101: 2745 W Roosevelt Rd | Chicago, IL 60608 | O101: =LEFT(N101, FIND("|", N101) - 1) -> 2745 W Roosevelt Rd | P101: 28 | Q101: Ervin, Jason C.
A102: 609852 | B102: CHAPPELL | C102: Eliza Chappell Elementary School | D102: 0.06 | E102: District | F102: Network 2 | G102: Marilou Rebolledo | H102: 45 | I102: Neutral | J102: 2b | K102: 2 | L102: {=INDEX('School Rep'!$A$2:$A$21, MATCH(J102, 'School Rep'!$B$2:$B$21, 0))} -> Debby Pope | M102: 2.3 | N102: 2135 W Foster Ave | Chicago, IL 60625 | O102: =LEFT(N102, FIND("|", N102) - 1) -> 2135 W Foster Ave | P102: 40 | Q102: Vasquez, Jr., Andre
A103: 609853 | B103: CHASE | C103: Salmon P Chase Elementary School | D103: 0.066 | E103: District | F103: Network 4 | G103: Jerry Travlos | H103: 55 | I103: Neutral | J103: 3b | K103: 3 | L103: {=INDEX('School Rep'!$A$2:$A$21, MATCH(J103, 'School Rep'!$B$2:$B$21, 0))} -> Carlos Rivas | M103: 2.2 | N103: 2021 N Point St | Chicago, IL 60647 | O103: =LEFT(N103, FIND("|", N103) - 1) -> 2021 N Point St | P103: 1 | Q103: La Spata, Daniel
A104: 610148 | B104: CHAVEZ | C104: Cesar E Chavez Multicultural Academic Center | D104: 0.05 | E104: District | F104: ISP | G104: #N/A | H104: 73 | I104: Strong | J104: 8b | K104: 8 | L104: {=INDEX('School Rep'!$A$2:$A$21, MATCH(J104, 'School Rep'!$B$2:$B$21, 0))} -> Cydney Wallace | M104: 3.7 | N104: 4747 S Marshfield Ave | Chicago, IL 60609 | O104: =LEFT(N104, FIND("|", N104) - 1) -> 4747 S Marshfield Ave | P104: 20 | Q104: Taylor, Jeanette B.
A105: 400022 | B105: CHIARTS HS | C105: Chicago High School for the Arts (ChiArts) | D105: 0.031 | E105: Contract | F105: Contract | G105: #N/A | H105: 21 | I105: Weak | J105: 3b | K105: 3 | L105: {=INDEX('School Rep'!$A$2:$A$21, MATCH(J105, 'School Rep'!$B$2:$B$21, 0))} -> Carlos Rivas | M105: 2 | N105: 2714 W Augusta Blvd | Chicago, IL 60622 | O105: =LEFT(N105, FIND("|", N105) - 1) -> 2714 W Augusta Blvd | P105: 26 | Q105: Fuentes, Jessica L.
A106: 610248 | B106: CHICAGO ACADEMY ES | C106: Chicago Academy Elementary School | D106: 0.02 | E106: District | F106: Network 1 | G106: Julie McGlade | H106: 63 | I106: Strong | J106: 1b | K106: 1 | L106: {=INDEX('School Rep'!$A$2:$A$21, MATCH(J106, 'School Rep'!$B$2:$B$21, 0))} -> Jennifer Custer | M106: 2.7 | N106: 3400 N Austin Ave | Chicago, IL 60634 | O106: =LEFT(N106, FIND("|", N106) - 1) -> 3400 N Austin Ave | P106: 30 | Q106: Cruz, Ruth
A107: 610340 | B107: CHICAGO ACADEMY HS | C107: Chicago Academy High School | D107: 0.031 | E107: District | F107: Network 14 | G107: Dr. Laura LeMone | H107: 63 | I107: Strong | J107: 1b | K107: 1 | L107: {=INDEX('School Rep'!$A$2:$A$21, MATCH(J107, 'School Rep'!$B$2:$B$21, 0))} -> Jennifer Custer | M107: 2.6 | N107: 3400 N Austin Ave | Chicago, IL 60634 | O107: =LEFT(N107, FIND("|", N107) - 1) -> 3400 N Austin Ave | P107: 30 | Q107: Cruz, Ruth
A108: 609753 | B108: CHICAGO AGRICULTURE HS | C108: Chicago High School For Agricultural Sciences | D108: 0.052 | E108: District | F108: ISP | G108: #N/A | H108: 68 | I108: Strong | J108: 9b | K108: 9 | L108: {=INDEX('School Rep'!$A$2:$A$21, MATCH(J108, 'School Rep'!$B$2:$B$21, 0))} -> Therese Boyle | M108: 2.4 | N108: 3857 W 111th St | Chicago, IL 60655 | O108: =LEFT(N108, FIND("|", N108) - 1) -> 3857 W 111th St | P108: 19 | Q108: O'Shea, Matthew J.
A109: 400161 | B109: CHICAGO COLLEGIATE | C109: Chicago Collegiate | D109: 0.263 | E109: Charter | F109: Charter | G109: #N/A | H109: 54 | I109: Neutral | J109: 9b | K109: 9 | L109: {=INDEX('School Rep'!$A$2:$A$21, MATCH(J109, 'School Rep'!$B$2:$B$21, 0))} -> Therese Boyle | M109: 3.7 | N109: 11816 S Indiana | Chicago, IL 60628 | O109: =LEFT(N109, FIND("|", N109) - 1) -> 11816 S Indiana | P109: 9 | Q109: Beale, Anthony
A110: 400147 | B110: CHICAGO EXCEL HS | C110: Chicago Excel Academy HS | D110: 0.611 | E110: Contract | F110: Options | G110: Richard Smith | H110: 68 | I110: Strong | J110: 9b | K110: 9 | L110: {=INDEX('School Rep'!$A$2:$A$21, MATCH(J110, 'School Rep'!$B$2:$B$21, 0))} -> Therese Boyle | M110: Not Found | N110: 1257 W 111th St | Chicago, IL 60643 | O110: =LEFT(N110, FIND("|", N110) - 1) -> 1257 W 111th St | P110: 21 | Q110: Mosley, Ronnie L.
A111: 400035 | B111: CHICAGO MATH & SCIENCE HS | C111: Chicago Math and Science Academy Charter School | D111: 0.103 | E111: Charter | F111: Charter | G111: #N/A | H111: 56 | I111: Neutral | J111: 2a | K111: 2 | L111: {=INDEX('School Rep'!$A$2:$A$21, MATCH(J111, 'School Rep'!$B$2:$B$21, 0))} -> Ebony DeBerry | M111: 2.7 | N111: 7212 N Clark St | Chicago, IL 60626 | O111: =LEFT(N111, FIND("|", N111) - 1) -> 7212 N Clark St | P111: 49 | Q111: Hadden, Maria E.
A112: 609754 | B112: CHICAGO MILITARY HS | C112: Chicago Military Academy High School | D112: 0.098 | E112: District | F112: Network 17 | G112: Myron Hester | H112: 5 | I112: Very Weak | J112: 6b | K112: 6 | L112: {=INDEX('School Rep'!$A$2:$A$21, MATCH(J112, 'School Rep'!$B$2:$B$21, 0))} -> Jessica Biggs | M112: 3.5 | N112: 3519 S Giles Ave | Chicago, IL 60653 | O112: =LEFT(N112, FIND("|", N112) - 1) -> 3519 S Giles Ave | P112: 3 | Q112: Dowell, Pat
...

Sheet Network Chiefs
A1: Network | B1: Network Chief
A2: Network 1 | B2: Julie McGlade
A3: Network 2 | B3: Marilou Rebolledo
A4: Network 3 | B4: Jennifer Farrell‐Rottman
A5: Network 4 | B5: Jerry Travlos
A6: Network 5 | B6: Shontae Higginbottom
A7: Network 6 | B7: Dr. Ethan Netterstrom
A8: Network 7 | B8: Dr. Antonio Acevedo
A9: Network 8 | B9: Gilberto Piedrahita
A10: Network 9 | B10: Alene Mason
A11: Network 10 | B11: Mira Weber
A12: Network 11 | B12: Latasha Geverola
... A19: Options | B19: Richard Smith

Sheet Sheet9
A1: school | B1: address | C1: network | D1: governance
A2: ACERO - BRIGHTON PARK | B2: 4420 S FAIRFIELD AVE | C2: Charter | D2: Charter
A3: ACERO - CISNEROS | B3: 2744 W PERSHING RD | C3: Charter | D3: Charter
A4: ACERO - CLEMENTE | B4: 2050 N NATCHEZ AVE | C4: Charter | D4: Charter
A5: ACERO - DE LA CRUZ | B5: 7416 N RIDGE AVE | C5: Charter | D5: Charter
A6: ACERO - DE LAS CASAS | B6: 1641 W 16TH ST | C6: Charter | D6: Charter
A7: ACERO - FUENTES | B7: 2845 W BARRY AVE | C7: Charter | D7: Charter
A8: ACERO - GARCIA HS | B8: 4248 W 47TH ST | C8: Charter | D8: Charter
A9: ACERO - IDAR | B9: 5050 S HOMAN AVE | C9: Charter | D9: Charter
A10: ACERO - MARQUEZ | B10: 2916 W 47TH ST | C10: Charter | D10: Charter
A11: ACERO - PAZ | B11: 2651 W 23RD ST | C11: Charter | D11: Charter
A12: ACERO - SANTIAGO | B12: 2510 W CORTEZ ST | C12: Charter | D12: Charter
... A99: CATALYST - MARIA | B99: 6727 S CALIFORNIA AVE | C99: Charter | D99: Charter
A100: CATALYST - MARIA (HS) | B100: #N/A | C100: Charter | D100: Charter
A101: CATHER | B101: 2908 W WASHINGTON BLVD | C101: Network 5 | D101: District
A102: CHALMERS | B102: 2745 W ROOSEVELT RD | C102: Network 5 | D102: District
A103: CHAPPELL | B103: 2135 W FOSTER AVE | C103: Network 2 | D103: District
A104: CHASE | B104: 2021 N POINT ST | C104: Network 4 | D104: District
A105: CHAVEZ | B105: 4747 S MARSHFIELD AVE | C105: ISP | D105: District
A106: CHIARTS HS | B106: 2714 W AUGUSTA BLVD | C106: Contract | D106: Contract
A107: CHICAGO ACADEMY ES | B107: 3400 N AUSTIN AVE | C107: AUSL | D107: District
A108: CHICAGO ACADEMY HS | B108: 3400 N AUSTIN AVE | C108: AUSL | D108: District
A109: CHICAGO AGRICULTURE HS | B109: 3857 W 111TH ST | C109: ISP | D109: District
A110: CHICAGO COLLEGIATE | B110: 11816 S INDIANA | C110: Charter | D110: Charter
A111: CHICAGO EXCEL HS | B111: 1257 W 111TH ST | C111: Options | D111: Contract
A112: CHICAGO MATH & SCIENCE HS | B112: 7212 N CLARK ST | C112: Charter | D112: Charter
... A349: LINCOLN | B349: 615 W KEMPER PL | C349: Network 4 | D349: District
A350: LINCOLN PARK ELC | B350: #N/A | C350: Network 4 | D350: District
A351: LINCOLN PARK HS | B351: 2001 N ORCHARD ST | C351: Network 14 | D351: District
A352: LINDBLOM HS | B352: 6130 S WOLCOTT AVE | C352: Network 16 | D352: District
A353: LITTLE BLACK PEARL HS | B353: 1060 E 47TH ST | C353: Options | D353: Contract
A354: LITTLE VILLAGE | B354: 2620 S LAWNDALE AVE | C354: ISP | D354: District
A355: LLOYD | B355: 2103 N LAMON AVE | C355: Network 3 | D355: District
A356: LOCKE A | B356: 3141 W JACKSON BLVD | C356: Charter | D356: Charter
A357: LOCKE J | B357: 2828 N OAK PARK AVE | C357: Network 3 | D357: District
A358: LORCA | B358: 3231 N SPRINGFIELD AVE | C358: Network 4 | D358: District
A359: LOVETT | B359: 6333 W BLOOMINGDALE AVE | C359: Network 3 | D359: District
A360: LOWELL | B360: 3320 W HIRSCH ST | C360: Network 5 | D360: District
A361: LOZANO | B361: 1501 N GREENVIEW AVE | C361: Network 6 | D361: District
A362: LYON | B362: 2941 N MCVICKER AVE | C362: Network 3 | D362: District
... A439: NORTHWEST | B439: 5252 W PALMER ST | C439: Network 3 | D439: District
A440: Northwest ECC | B440: #N/A | C440: Network 1 | D440: District
A441: NORWOOD PARK | B441: 5900 N NINA AVE | C441: Network 1 | D441: District
A442: OGDEN ES | B442: 24 W WALTON ST | C442: Network 15 | D442: District
A443: OGDEN HS | B443: 1250 W ERIE ST | C443: Network 15 | D443: District
A444: OGLESBY | B444: 7646 S GREEN ST | C444: Network 11 | D444: District
A445: OKEEFFE | B445: 6940 S MERRILL AVE | C445: Network 12 | D445: District
A446: OMBUDSMAN - NORTHWEST HS | B446: 7500 N HARLEM AVE | C446: Options | D446: ALOP
A447: OMBUDSMAN - ROSELAND HS | B447: 10928 S HALSTED | C447: Options | D447: ALOP
A448: OMBUDSMAN - SOUTH HS | B448: 6057 S WESTERN AVE | C448: Options | D448: ALOP
A449: OMBUDSMAN - WEST HS | B449: 2401 W CONGRESS PKWY | C449: Options | D449: ALOP
A450: ONAHAN | B450: 6634 W RAVEN ST | C450: Network 1 | D450: District
A451: ORIOLE PARK | B451: 5424 N OKETO AVE | C451: Network 1 | D451: District
A452: OROZCO | B452: 1940 W 18TH ST | C452: Network 7 | D452: District
... A650: ZAPATA | B650: 2728 S KOSTNER AVE | C650: Network 7 | D650: District

Sheet School Rep
A1: Rep | B1: ESB Subdist
A2: Jennifer Custer | B2: 1b | C2: CBOE1b
A3: Ebony DeBerry | B3: 2a | C3: CBOE2a
A4: Carlos Rivas | B4: 3b | C4: CBOE3b
A5: Ellen Rosenfeld | B5: 4b | C5: CBOE4b
A6: Aaron "Jitu" Brown | B6: 5a | C6: CBOE5a
A7: Jessica Biggs | B7: 6b | C7: CBOE6b
A8: Yesenia Lopez | B8: 7b | C8: CBOE7b
A9: Angel Gutierrez | B9: 8a | C9: CBOE8a
A10: Therese Boyle | B10: 9b | C10: CBOE9b
A11: Che "Rhymefest" Smith | B11: 10a | C11: CBOE10a
A12: Ed Bannon | B12: 1a | C12: CBOE1a
A13: Debby Pope | B13: 2b | C13: CBOE2b
... A21: Olga Bautista | B21: 10b | C21: CBOE10b

Sheet Sheet1
A1: School ID | B1: School Name | C1: School Address | D1: Ward | E1: 5Essentials | F1: Opportunity Index
A2: 400153 | B2: ACERO - BRIGHTON PARK | C2: 4420 S Fairfield Ave | Chicago, IL 60632
A3: 400101 | B3: ACERO - CISNEROS | C3: 2744 W Pershing Rd | Chicago, IL 60632
A4: 400120 | B4: ACERO - CLEMENTE | C4: 2050 N Natchez Ave | Chicago, IL 60707
A5: 400121 | B5: ACERO - DE LA CRUZ | C5: 7416 N Ridge Ave | Chicago, IL 60645
A6: 400081 | B6: ACERO - DE LAS CASAS | C6: 1641 W 16th St | Chicago, IL 60608
A7: 400082 | B7: ACERO - FUENTES | C7: 2845 W Barry Ave | Chicago, IL 60618
A8: 400085 | B8: ACERO - GARCIA HS | C8: 4248 W 47th St | Chicago, IL 60632
A9: 400112 | B9: ACERO - IDAR | C9: 5050 S Homan Ave | Chicago, IL 60632
A10: 400089 | B10: ACERO - MARQUEZ | C10: 2916 W 47th St | Chicago, IL 60632
A11: 400083 | B11: ACERO - PAZ | C11: 2651 W 23rd St | Chicago, IL 60608
A12: 400114 | B12: ACERO - SANTIAGO | C12: 2510 W Cortez St | Chicago, IL 60622
A13: 400149 | B13: ACERO - SOTO HS | C13: 5025 S St. Louis Ave | Chicago, IL 60632
... A648: 609973 | B648: ZAPATA | C648: 2728 S Kostner Ave | Chicago, IL 60623

Sheet Sheet6
A1: School Name | B1: Short Name | C1: ESB Subdist | D1: ESB Dist | E1: # Student Enrollment
A2: Acero Chtr Sch Network - Brighton Park Elem School | B2: ACERO - BRIGHTON PARK | C2: 7b | D2: 7 | E2: 534
A3: Acero Chtr Sch Network- Sandra Cisneros Elem School | B3: ACERO - CISNEROS | C3: 8b | D3: 8 | E3: 415
A4: Acero Chtr Sch Newtwork - Roberto Clemente Elem School | B4: ACERO - CLEMENTE | C4: 5a | D4: 5 | E4: 456
A5: Acero Chtr Sch Network- Sor Juana Ines de la Cruz K-12 | B5: ACERO - DE LA CRUZ | C5: 2a | D5: 2 | E5: 513
A6: Acero Chtr Sch Network - Bartolome de las Casas Elem Sch | B6: ACERO - DE LAS CASAS | C6: 7a | D6: 7 | E6: 244
A7: Acero Chtr Sch Network - Carlos Fuentes Elem School | B7: ACERO - FUENTES | C7: 3a | D7: 3 | E7: 401
A8: Acero Chtr Sch Network - Major Hector P Garcia MD H S | B8: ACERO - GARCIA HS | C8: 7b | D8: 7 | E8: 638
A9: Acero Chtr Sch Network - Jovita Idar Elem School | B9: ACERO - IDAR | C9: 7b | D9: 7 | E9: 521
A10: Acero Chtr Sch Network - Officer Donald J Marquez Elem | B10: ACERO - MARQUEZ | C10: 7b | D10: 7 | E10: 523
A11: Acero Chtr Sch Network - Octavio Paz Elem School | B11: ACERO - PAZ | C11: 7a | D11: 7 | E11: 173
A12: Acero Chtr Sch Network - Esmeralda Santiago Elem Sch | B12: ACERO - SANTIAGO | C12: 5a | D12: 5 | E12: 219
A13: Acero Chtr Sch Network Victoria Soto Campus | B13: ACERO - SOTO HS | C13: 7b | D13: 7 | E13: 560
... A44: Bateman Elem School | B44: BATEMAN | C44: 2b | D44: 2 | E44: 882
A45: Beard Elem School | B45: BEARD | C45: 1a | D45: 1
A46: Beasley Elem Magnet Academic Ctr | B46: BEASLEY | C46: 6b | D46: 6 | E46: 1046
A47: Beaubien Elem School | B47: BEAUBIEN | C47: 1a | D47: 1 | E47: 962
A48: Beethoven Elem School | B48: BEETHOVEN | C48: 6b | D48: 6 | E48: 259
A49: Beidler Elem School | B49: BEIDLER | C49: 5b | D49: 5 | E49: 259
A50: Belding Elem School | B50: BELDING | C50: 1b | D50: 1 | E50: 549
A51: Bell Elem School | B51: BELL | C51: 4b | D51: 4 | E51: 884
A52: Belmont-Cragin Elem School | B52: BELMONT-CRAGIN | C52: 3b | D52: 3 | E52: 479
A53: Bennett Elem School | B53: BENNETT | C53: 9b | D53: 9 | E53: 255
A54: Black Magnet Elem School | B54: BLACK | C54: 10b | D54: 10 | E54: 395
A55: Blaine Elem School | B55: BLAINE | C55: 4a | D55: 4 | E55: 635
A56: Blair Early Childhood Center | B56: BLAIR | C56: 8a | D56: 8
A57: Bogan High School | B57: BOGAN HS | C57: 8a | D57: 8 | E57: 643
A58: Bond Elem School | B58: BOND | C58: 9a | D58: 9 | E58: 227
A59: Mosaic School of Fine Arts | B59: MOSAIC | C59: #N/A | D59: #N/ | E59: 721
A60: Bouchet Elem Math & Science Acad | B60: BOUCHET | C60: 10a | D60: 10 | E60: 587
A61: Bowen High School | B61: BOWEN HS | C61: 10b | D61: 10 | E61: 192
A62: Bradwell Comm Arts & Sci Elem Sch | B62: BRADWELL | C62: 10a | D62: 10 | E62: 420
A63: Brennemann Elem School | B63: BRENNEMANN | C63: 4a | D63: 4 | E63: 435
A64: Brentano Elem Math & Science Acad | B64: BRENTANO | C64: 3a | D64: 3 | E64: 684
A65: Bridge Elem School | B65: BRIDGE | C65: 1b | D65: 1 | E65: 1080
A66: Bright Elem School | B66: BRIGHT | C66: 10b | D66: 10 | E66: 230
A67: Brighton Park Elem School | B67: BRIGHTON PARK | C67: 8b | D67: 8 | E67: 272
A68: Bronzeville Classical Elementary School | B68: BRONZEVILLE CLASSICAL | C68: 6b | D68: 6 | E68: 395
A69: Bronzeville Scholastic HS | B69: BRONZEVILLE HS | C69: 6b | D69: 6 | E69: 72
A70: Brooks College Prep Academy HS | B70: BROOKS HS | C70: 9b | D70: 9 | E70: 971
A71: Brown R Elem Community Acad | B71: BROWN R | C71: 9b | D71: 9 | E71: 284
... A83: Byrne Elem School | B83: BYRNE | C83: 8a | D83: 8 | E83: 616
A84: Daisy Bates Academy of Social Justice | B84: CALDWELL | C84: #N/A | D84: #N/ | E84: 204
A85: Calmeca Acad Elem School | B85: CALMECA | C85: 7b | D85: 7 | E85: 613
A86: Cameron Elem School | B86: CAMERON | C86: 3b | D86: 3 | E86: 563
A87: Camras Elem School | B87: CAMRAS | C87: 1b | D87: 1 | E87: 789
A88: Canty Elem School | B88: CANTY | C88: 1a | D88: 1 | E88: 816
A89: Cardenas Elem School | B89: CARDENAS | C89: 7a | D89: 7 | E89: 812
A90: Carnegie Elem School | B90: CARNEGIE | C90: 10a | D90: 10 | E90: 440
A91: Carroll Elem School | B91: CARROLL | C91: 8a | D91: 8 | E91: 417
A92: Carson Elem School | B92: CARSON | C92: 8b | D92: 8 | E92: 786
A93: Carter Elem School | B93: CARTER | C93: 6b | D93: 6 | E93: 294
A94: Carver Primary School | B94: CARVER G | C94: 10b | D94: 10 | E94: 462
A95: Carver Military Academy HS | B95: CARVER MILITARY HS | C95: 10b | D95: 10 | E95: 410
A96: Casals Elem School | B96: CASALS | C96: 3b | D96: 3 | E96: 325
... A98: Catalyst Charter-Circle Rock ES | B98: CATALYST - CIRCLE ROCK | C98: 5a | D98: 5 | E98: 514
A99: Catalyst Charter - Maria ES | B99: CATALYST - MARIA | C99: #N/A | D99: #N/ | E99: 1089
A100: Cather Elem School | B100: CATHER | C100: 5b | D100: 5 | E100: 325
A101: Chalmers Elem Specialty School | B101: CHALMERS | C101: 5b | D101: 5 | E101: 207
A102: Chappell Elem School | B102: CHAPPELL | C102: 2b | D102: 2 | E102: 540
A103: Chase Elem School | B103: CHASE | C103: 3b | D103: 3 | E103: 371
A104: Chavez Elem Multicultural Acad Ct | B104: CHAVEZ | C104: 8b | D104: 8 | E104: 812
A105: Chicago HS for the Arts | B105: CHIARTS HS | C105: 3b | D105: 3 | E105: 602
A106: Chicago Academy Elem School | B106: CHICAGO ACADEMY ES | C106: 1b | D106: 1 | E106: 563
A107: Chicago Academy High School | B107: CHICAGO ACADEMY HS | C107: 1b | D107: 1 | E107: 556
A108: Chicago HS for Agricult Sciences | B108: CHICAGO AGRICULTURE HS | C108: 9b | D108: 9 | E108: 782
A109: Chicago Collegiate Charter School | B109: CHICAGO COLLEGIATE | C109: 9b | D109: 9 | E109: 251
A110: Chicago Excel Academy HS | B110: CHICAGO EXCEL HS | C110: 9b | D110: 9 | E110: 214
A111: Chicago Math & Sci Elem Charter | B111: CHICAGO MATH & SCIENCE HS | C111: 2a | D111: 2 | E111: 602
... A141: Coles Elem Language Academy | B141: COLES | C141: 10b | D141: 10 | E141: 263
A142: Collins Academy High School | B142: COLLINS HS | C142: #N/A | D142: #N/ | E142: 219
A143: Columbia Explorers Elem Academy | B143: COLUMBIA EXPLORERS | C143: 7b | D143: 7 | E143: 743
A144: Columbus Elem School | B144: COLUMBUS | C144: #N/A | D144: #N/ | E144: 282
A145: Cook Elem School | B145: COOK | C145: 9a | D145: 9 | E145: 321
A146: Coonley Elem School | B146: COONLEY | C146: 4b | D146: 4 | E146: 794
A147: Cooper Elem Dual Language Academy | B147: COOPER | C147: 7a | D147: 7 | E147: 403
A148: Corkery Elem School | B148: CORKERY | C148: 7a | D148: 7 | E148: 430
A149: Corliss High School | B149: CORLISS HS | C149: 10b | D149: 10 | E149: 295
A150: Courtenay Elem Language Arts Ctr | B150: COURTENAY | C150: 4a | D150: 4 | E150: 209
A151: Crane Medical Prep HS | B151: CRANE MEDICAL HS | C151: 5b | D151: 5 | E151: 308
A152: Crown Elem Comm Acd Fine Arts Ctr | B152: CROWN | C152: 5b | D152: 5 | E152: 120
A153: Cuffe Math-Sci Tech Elem Academy | B153: CUFFE | C153: 9a | D153: 9 | E153: 229
A154: Cullen Elem School | B154: CULLEN | C154: 9b | D154: 9 | E154: 167
A155: Curie Metropolitan High School | B155: CURIE HS | C155: 7b | D155: 7 | E155: 2916
A156: Curtis Elem School | B156: CURTIS | C156: 9b | D156: 9 | E156: 378
... A218: Frazier Perspectives Magnet ES | B218: FRAZIER PROSPECTIVE | C218: 5b | D218: 5 | E218: 131
A219: Fuller Elem School | B219: FULLER | C219: #N/A | D219: #N/ | E219: 309
A220: Fulton Elem School | B220: FULTON | C220: 9a | D220: 9 | E220: 291
A221: Funston Elem School | B221: FUNSTON | C221: 3b | D221: 3 | E221: 407
A222: Gage Park High School | B222: GAGE PARK HS | C222: 8b | D222: 8 | E222: 329
A223: Gale Elem Community Academy | B223: GALE | C223: 2a | D223: 2 | E223: 218
A224: Galileo Elem Math & Sci Schol Acd | B224: GALILEO | C224: 7a | D224: 7 | E224: 539
A225: Gallistel Elem Language Academy | B225: GALLISTEL | C225: 10b | D225: 10 | E225: 616
A226: Garvey M Elem School | B226: GARVEY | C226: 9b | D226: 9 | E226: 236
A227: Garvy J Elem School | B227: GARVY | C227: 1a | D227: 1 | E227: 749
A228: Gary Elem School | B228: GARY | C228: 7a | D228: 7 | E228: 763
A229: Gillespie Elem School | B229: GILLESPIE | C229: 9b | D229: 9 | E229: 375
A230: Academy for Global Citizenship | B230: GLOBAL CITIZENSHIP | C230: 7a | D230: 7 | E230: 462
A231: Goethe Elem School | B231: GOETHE | C231: 3b | D231: 3 | E231: 705
... A275: Holmes Elem School | B275: HOLMES | C275: 9a | D275: 9 | E275: 116
...
